,Municipality/City,Province,Latitude,Longitude
0,Boliney,Abra,17.3790583,120.8198364
1,Bucay,Abra,17.5384336,120.7187526
2,Bucloc,Abra,17.4409401,120.8572514
3,Daguioman,Abra,17.458889,120.9262943
4,Danglas,Abra,17.6933042,120.6644745
5,Dolores,Abra,17.6490473,120.7086252
6,La Paz,Abra,17.6707795,120.6838341
7,Lacub,Abra,17.6643781,120.9456603
8,Lagangilang,Abra,17.6126919,120.7336564
9,Lagayan,Abra,17.720616,120.7059814
10,Langiden,Abra,17.5761072,120.563939
11,Licuan-Baay,Abra,17.6090816,120.9054377
12,Luba,Abra,17.3173222,120.6946459
13,Malibcong,Abra,17.563315,120.9890692
14,Manabo,Abra,17.4325474,120.7041038
15,Peñarrubia,Abra,17.5638344,120.652673
16,Pidigan,Abra,17.570304,120.5899441
17,Pilar,Abra,17.4152463,120.5954528
18,Sallapadan,Abra,17.4551443,120.7599337
19,San Isidro,Abra,17.4656098,120.6017435
20,San Juan,Abra,17.682288,120.7306199
21,San Quintin,Abra,17.5427457,120.5203211
22,Tayum,Abra,17.6180712,120.6535488
23,Tineg,Abra,17.7829065,120.943593
24,Tubo,Abra,17.2582154,120.7248438
25,Villaviciosa,Abra,17.4378456,120.6256845
26,Buenavista,Agusan del Norte,8.9744864,125.4090875
27,Butuan,Agusan del Norte,8.948,125.543
28,Cabadbaran,Agusan del Norte,9.1232854,125.5322317
29,Carmen,Agusan del Norte,8.9902238,125.2957173
30,Jabonga,Agusan del Norte,9.3425441,125.5163749
31,Kitcharao,Agusan del Norte,9.4554207,125.5755314
32,Las Nieves,Agusan del Norte,8.7359578,125.6015136
33,Magallanes,Agusan del Norte,9.0237073,125.5185124
34,Nasipit,Agusan del Norte,8.9884377,125.3408268
35,Remedios T. Romualdez,Agusan del Norte,9.0537567,125.5863115
36,Santiago,Agusan del Norte,9.2654938,125.5602995
37,Tubay,Agusan del Norte,9.1650676,125.5226912
38,Bayugan,Agusan del Sur,8.7145642,125.7481892
39,Bunawan,Agusan del Sur,8.1787968,125.9942065
40,Esperanza,Agusan del Sur,8.6788385,125.646773
41,La Paz,Agusan del Sur,8.2795131,125.8066975
42,Loreto,Agusan del Sur,8.1871373,125.8531529
43,Prosperidad,Agusan del Sur,8.6023961,125.9116338
44,Rosario,Agusan del Sur,8.3814612,126.0018294
45,San Francisco,Agusan del Sur,8.5050281,125.9771179
46,San Luis,Agusan del Sur,8.4987859,125.7373865
47,Santa Josefa,Agusan del Sur,7.9844761,126.0288095
48,Sibagat,Agusan del Sur,8.8219764,125.6938266
49,Talacogon,Agusan del Sur,8.4486711,125.7861565
50,Trento,Agusan del Sur,8.043508,126.0633157
51,Veruela,Agusan del Sur,8.0710344,125.9540733
52,Altavas,Aklan,11.5375818,122.4871569
53,Balete,Aklan,11.5555978,122.3800007
54,Banga,Aklan,11.6393771,122.332585
55,Batan,Aklan,11.5869107,122.4962482
56,Buruanga,Aklan,11.8444711,121.8882356
57,Ibajay,Aklan,11.8211075,122.1618399
58,Kalibo,Aklan,11.7088966,122.3640225
59,Lezo,Aklan,11.6671058,122.3286614
60,Libacao,Aklan,11.480692,122.3024183
61,Madalag,Aklan,11.5265494,122.306494
62,Makato,Aklan,11.7116342,122.2924728
63,Malay,Aklan,11.9000941,121.9099
64,Malinao,Aklan,11.6437882,122.3077295
65,Nabas,Aklan,11.828728,122.0924043
66,New Washington,Aklan,11.6508856,122.4320224
67,Numancia,Aklan,11.704435,122.3288949
68,Tangalan,Aklan,11.7770629,122.2601806
69,Bacacay,Albay,13.2926072,123.7912494
70,Camalig,Albay,13.1815738,123.6552668
71,Daraga,Albay,13.1479697,123.7120775
72,Guinobatan,Albay,13.1904597,123.5999458
73,Jovellar,Albay,13.0693487,123.6002707
74,Legazpi,Albay,13.1388596,123.7343104
75,Libon,Albay,13.2988701,123.4360839
76,Ligao,Albay,13.2402789,123.5365227
77,Malilipot,Albay,13.3190483,123.7392658
78,Malinao,Albay,13.3974574,123.7049776
79,Manito,Albay,13.1242602,123.8677604
80,Oas,Albay,13.2570425,123.5001669
81,Pio Duran,Albay,13.0296985,123.4431423
82,Polangui,Albay,13.293769,123.4843893
83,Rapu-Rapu,Albay,13.1856583,124.1267772
84,Santo Domingo,Albay,13.2371495,123.7774835
85,Tabaco,Albay,13.3593077,123.7302007
86,Tiwi,Albay,13.4569196,123.6796912
87,Anini-y,Antique,10.4315482,121.9249048
88,Barbaza,Antique,11.1958667,122.0389309
89,Belison,Antique,10.8374618,121.9621456
90,Bugasong,Antique,11.0441473,122.0646896
91,Caluya,Antique,11.9321723,121.5477161
92,Culasi,Antique,11.4257994,122.0561023
93,Hamtic,Antique,10.7003591,121.9808152
94,Laua-an,Antique,11.1429506,122.0416027
95,Libertad,Antique,11.769388,121.9188237
96,Pandan,Antique,11.7198989,122.0945769
97,Patnongon,Antique,10.9133046,121.9950021
98,San Jose de Buenavista,Antique,10.7433533,121.9438784
99,San Remigio,Antique,10.831508,122.0887035
100,Sebaste,Antique,11.5896899,122.0958588
101,Sibalom,Antique,10.7889049,122.017534
102,Tibiao,Antique,11.2886284,122.0342615
103,Tobias Fornier,Antique,10.5162619,121.945127
104,Valderrama,Antique,11.0018524,122.129408
105,Calanasan,Apayao,18.2551106,121.0434944
106,Conner,Apayao,17.7963858,121.3224105
107,Flora,Apayao,18.2148452,121.4191186
108,Kabugao,Apayao,18.022963,121.1841242
109,Luna,Apayao,18.3312102,121.3729788
110,Pudtol,Apayao,18.2380574,121.3731587
111,Santa Marcela,Apayao,18.2875298,121.4359707
112,Baler,Aurora,15.759086,121.5627247
113,Casiguran,Aurora,16.2770406,122.1233258
114,Dilasag,Aurora,16.393824,122.2114756
115,Dinalungan,Aurora,16.1403381,121.9575186
116,Dingalan,Aurora,15.3894081,121.3927168
117,Dipaculao,Aurora,15.8483803,121.5367634
118,Maria Aurora,Aurora,15.7982599,121.4723121
119,San Luis,Aurora,15.7191175,121.5178817
120,Akbar,Basilan,6.6632364,122.1947729
121,Al-Barka,Basilan,6.4896261,122.1514624
122,Hadji Mohammad Ajul,Basilan,6.642755,122.2732208
123,Hadji Muhtamad,Basilan,6.6595969,121.6045202
124,Isabela,Basilan,6.7053597,121.9710604
125,Lamitan,Basilan,6.6579664,122.1371052
126,Lantawan,Basilan,6.6391009,121.8400672
127,Maluso,Basilan,6.5460893,121.8712404
128,Sumisip,Basilan,6.4192786,122.0341261
129,Tabuan-Lasa,Basilan,6.3192339,121.9291468
130,Tipo-Tipo,Basilan,6.5005282,122.1210994
131,Tuburan,Basilan,6.6069678,122.1925306
132,Ungkaya Pukan,Basilan,6.494962,122.1054143
133,Abucay,Bataan,14.7213146,120.5348704
134,Bagac,Bataan,14.5967431,120.3922913
135,Balanga,Bataan,14.6795669,120.5409693
136,Dinalupihan,Bataan,14.8673996,120.461031
137,Hermosa,Bataan,14.8302478,120.5086406
138,Limay,Bataan,14.5625242,120.5949559
139,Mariveles,Bataan,14.4340599,120.4862073
140,Morong,Bataan,14.6779981,120.2652634
141,Orani,Bataan,14.8012181,120.5362038
142,Orion,Bataan,14.62157,120.5772317
143,Pilar,Bataan,14.6669245,120.5528157
144,Samal,Bataan,14.7693766,120.5421795
145,Basco,Batanes,20.4490442,121.9683455
146,Itbayat,Batanes,20.7878139,121.8414735
147,Ivana,Batanes,20.3709221,121.9145002
148,Mahatao,Batanes,20.4164659,121.948428
149,Sabtang,Batanes,20.3347734,121.8722738
150,Uyugan,Batanes,20.3495326,121.9380527
151,Agoncillo,Batangas,13.934844,120.92859
152,Alitagtag,Batangas,13.8657814,121.0058843
153,Balayan,Batangas,13.9382014,120.7294838
154,Balete,Batangas,14.0173703,121.0953576
155,Batangas City,Batangas,13.7558718,121.0584755
156,Bauan,Batangas,13.7903944,121.0073471
157,Calaca,Batangas,13.9304212,120.8130856
158,Calatagan,Batangas,13.8329883,120.6322361
159,Cuenca,Batangas,13.9015666,121.0492427
160,Ibaan,Batangas,13.8185254,121.1320975
161,Laurel,Batangas,14.0504677,120.9332215
162,Lemery,Batangas,13.8845702,120.914016
163,Lian,Batangas,14.0361178,120.653454
164,Lipa,Batangas,13.9414284,121.1642845
165,Lobo,Batangas,13.6476552,121.2102789
166,Mabini,Batangas,13.7479007,120.9407657
167,Malvar,Batangas,14.0472848,121.157631
168,Mataasnakahoy,Batangas,13.9602142,121.1145259
169,Nasugbu,Batangas,14.0734578,120.6322736
170,Padre Garcia,Batangas,13.8774171,121.213934
171,Rosario,Batangas,13.8454343,121.2063502
172,San Jose,Batangas,13.8785511,121.1041375
173,San Juan,Batangas,13.8259866,121.3964157
174,San Luis,Batangas,13.8549002,120.9162216
175,San Nicolas,Batangas,13.9299197,120.9521778
176,San Pascual,Batangas,13.7844912,121.0302229
177,Santa Teresita,Batangas,13.8694631,120.9766388
178,Santo Tomas,Batangas,14.1078443,121.1453304
179,Taal,Batangas,13.8801817,120.9232723
180,Talisay,Batangas,14.0939348,121.0218094
181,Tanauan,Batangas,14.0853283,121.1528222
182,Taysan,Batangas,13.7976856,121.1889935
183,Tingloy,Batangas,13.6619736,120.8695102
184,Tuy,Batangas,14.0189603,120.7300234
185,Atok,Benguet,16.6284453,120.7693666
186,Baguio,Benguet,16.4119905,120.5933719
187,Bakun,Benguet,16.7921592,120.6611325
188,Bokod,Benguet,16.4908636,120.8298308
189,Buguias,Benguet,16.8019477,120.8213833
190,Itogon,Benguet,16.3604946,120.6776085
191,Kabayan,Benguet,16.623226,120.8384772
192,Kapangan,Benguet,16.5751112,120.597927
193,Kibungan,Benguet,16.6950155,120.6550855
194,La Trinidad,Benguet,16.4617181,120.5885189
195,Mankayan,Benguet,16.8572492,120.7941421
196,Sablan,Benguet,16.4977556,120.4872447
197,Tuba,Benguet,16.3927028,120.5602008
198,Tublay,Benguet,16.4748754,120.6327365
199,Almeria,Biliran,11.620278,124.381667
200,Biliran,Biliran,11.4665736,124.4740971
201,Cabucgayan,Biliran,11.4729535,124.5749974
202,Caibiran,Biliran,11.5723202,124.5813362
203,Culaba,Biliran,11.6555955,124.540621
204,Kawayan,Biliran,11.6799506,124.357023
205,Maripipi,Biliran,11.7784058,124.3484417
206,Naval,Biliran,11.56179,124.3965267
207,Alburquerque,Bohol,9.6104193,123.956884
208,Alicia,Bohol,9.8984336,124.4407729
209,Anda,Bohol,9.7438762,124.5756585
210,Antequera,Bohol,9.7809304,123.8981433
211,Baclayon,Bohol,9.622135,123.9130444
212,Balilihan,Bohol,9.756499,123.9728153
213,Batuan,Bohol,9.7840762,124.1491353
214,Bien Unido,Bohol,10.1407871,124.376916
215,Bilar,Bohol,9.7069602,124.1044253
216,Buenavista,Bohol,10.0808818,124.1117182
217,Calape,Bohol,9.8905133,123.8718668
218,Candijay,Bohol,9.8179176,124.4962196
219,Carmen,Bohol,9.824334,124.1983784
220,Catigbian,Bohol,9.8508256,123.9999075
221,Clarin,Bohol,9.9626104,124.0244228
222,Corella,Bohol,9.6873884,123.9213409
223,Cortes,Bohol,9.7224822,123.8791768
224,Dagohoy,Bohol,9.8963715,124.2711696
225,Danao,Bohol,9.9469702,124.2206172
226,Dauis,Bohol,9.6252513,123.8651747
227,Dimiao,Bohol,9.6058011,124.162556
228,Duero,Bohol,9.7084523,124.406042
229,Garcia Hernandez,Bohol,9.614319,124.2954003
230,Getafe,Bohol,10.1497111,124.1535145
231,Guindulman,Bohol,9.7619221,124.4879217
232,Inabanga,Bohol,10.0319052,124.0661494
233,Jagna,Bohol,9.6501914,124.3661633
234,Lila,Bohol,9.5906941,124.0953479
235,Loay,Bohol,9.6001784,124.0105155
236,Loboc,Bohol,9.6370754,124.0308694
237,Loon,Bohol,9.7997626,123.7945228
238,Mabini,Bohol,9.8650156,124.5231626
239,Maribojoc,Bohol,9.7409309,123.8429701
240,Panglao,Bohol,9.5791851,123.7452642
241,Pilar,Bohol,9.836587,124.3336883
242,President Carlos P. Garcia,Bohol,10.1206578,124.5531099
243,Sagbayan,Bohol,9.9131622,124.0932483
244,San Isidro,Bohol,9.8595624,123.9562221
245,San Miguel,Bohol,9.9863216,124.3385695
246,Sevilla,Bohol,9.7032416,124.0457161
247,Sierra Bullones,Bohol,9.8078938,124.2913422
248,Sikatuna,Bohol,9.6878519,123.9740624
249,Tagbilaran,Bohol,9.6402611,123.8559809
250,Talibon,Bohol,10.1508006,124.3269236
251,Trinidad,Bohol,10.0792217,124.3430533
252,Tubigon,Bohol,9.9515287,123.9618897
253,Ubay,Bohol,10.0540129,124.4740811
254,Valencia,Bohol,9.6097437,124.2047074
255,Baungon,Bukidnon,8.3126139,124.6872041
256,Cabanglasan,Bukidnon,8.0773336,125.2987545
257,Damulog,Bukidnon,7.4871764,124.9465238
258,Dangcagan,Bukidnon,7.6121042,125.0071631
259,Don Carlos,Bukidnon,7.6803647,124.9990723
260,Impasugong,Bukidnon,8.3060497,124.9975379
261,Kadingilan,Bukidnon,7.6001249,124.9099274
262,Kalilangan,Bukidnon,7.7469953,124.7469234
263,Kibawe,Bukidnon,7.5678321,124.9903224
264,Kitaotao,Bukidnon,7.6389703,125.0089657
265,Lantapan,Bukidnon,7.9983082,125.0228905
266,Libona,Bukidnon,8.3322722,124.7474107
267,Malaybalay,Bukidnon,8.1550421,125.1305726
268,Malitbog,Bukidnon,8.5328902,124.8800965
269,Manolo Fortich,Bukidnon,8.3678344,124.8663083
270,Maramag,Bukidnon,7.7611218,125.0047932
271,Pangantucan,Bukidnon,7.8297721,124.8288119
272,Quezon,Bukidnon,7.7295754,125.1018275
273,San Fernando,Bukidnon,7.9193517,125.3247038
274,Sumilao,Bukidnon,8.3288596,124.9796874
275,Talakag,Bukidnon,8.2323589,124.6031485
276,Valencia,Bukidnon,7.9028844,125.0898033
277,Angat,Bulacan,14.927794,121.02914
278,Balagtas,Bulacan,14.8177664,120.9083864
279,Baliwag,Bulacan,14.9542259,120.9009172
280,Bocaue,Bulacan,14.7954178,120.9253578
281,Bulakan,Bulacan,14.7946733,120.8792703
282,Bustos,Bulacan,14.954736,120.919111
283,Calumpit,Bulacan,14.9151619,120.7636605
284,Doña Remedios Trinidad,Bulacan,14.9706036,121.0647854
285,Guiguinto,Bulacan,14.828214,120.878786
286,Hagonoy,Bulacan,14.8355035,120.7335206
287,Malolos,Bulacan,14.843759,120.8113694
288,Marilao,Bulacan,14.7575517,120.9482162
289,Meycauayan,Bulacan,14.7345008,120.9571635
290,Norzagaray,Bulacan,14.905878,121.042181
291,Obando,Bulacan,14.70989,120.9365149
292,Pandi,Bulacan,14.8654061,120.9572464
293,Paombong,Bulacan,14.8363954,120.7874997
294,Plaridel,Bulacan,14.886116,120.859909
295,Pulilan,Bulacan,14.9022688,120.8487904
296,San Ildefonso,Bulacan,15.0781219,120.9398068
297,San Jose del Monte,Bulacan,14.8101978,121.0474088
298,San Miguel,Bulacan,15.1405274,120.9770621
299,San Rafael,Bulacan,14.9581176,120.9636529
300,Santa Maria,Bulacan,14.8191792,120.9617524
301,Abulug,Cagayan,18.4434854,121.4572732
302,Alcala,Cagayan,17.9024399,121.6541034
303,Allacapan,Cagayan,18.225865,121.5560253
304,Amulung,Cagayan,17.8363234,121.7231165
305,Aparri,Cagayan,18.3573529,121.6374711
306,Baggao,Cagayan,17.9341539,121.7716914
307,Ballesteros,Cagayan,18.4094347,121.5147489
308,Buguey,Cagayan,18.2882302,121.832126
309,Calayan,Cagayan,19.2612602,121.4756285
310,Camalaniugan,Cagayan,18.273536,121.6757107
311,Claveria,Cagayan,18.6051605,121.080641
312,Enrile,Cagayan,17.5617622,121.7007107
313,Gattaran,Cagayan,18.0603315,121.6414943
314,Gonzaga,Cagayan,18.2612024,121.9966488
315,Iguig,Cagayan,17.7501663,121.7353806
316,Lal-lo,Cagayan,18.2000513,121.661997
317,Lasam,Cagayan,18.0650426,121.6012061
318,Pamplona,Cagayan,18.4641165,121.3405544
319,Peñablanca,Cagayan,17.6248562,121.7844749
320,Piat,Cagayan,17.7915986,121.4771204
321,Rizal,Cagayan,17.8457386,121.3457201
322,Sanchez-Mira,Cagayan,18.5603984,121.2342313
323,Santa Ana,Cagayan,18.4572501,122.1421667
324,Santa Praxedes,Cagayan,18.5634924,120.9908099
325,Santa Teresita,Cagayan,18.2496114,121.9092779
326,Santo Niño,Cagayan,17.8839124,121.5692104
327,Solana,Cagayan,17.6509356,121.6909171
328,Tuao,Cagayan,17.7341301,121.4555256
329,Tuguegarao,Cagayan,17.6118858,121.7300377
330,Basud,Camarines Norte,14.06904,122.9627842
331,Capalonga,Camarines Norte,14.3310366,122.4924688
332,Daet,Camarines Norte,14.112333,122.9556967
333,Jose Panganiban,Camarines Norte,14.2903434,122.691494
334,Labo,Camarines Norte,14.1543524,122.8285243
335,Mercedes,Camarines Norte,14.1094447,123.0093071
336,Paracale,Camarines Norte,14.2795995,122.7873227
337,San Lorenzo Ruiz,Camarines Norte,14.0368579,122.8687332
338,San Vicente,Camarines Norte,14.1713558,122.3781424
339,Santa Elena,Camarines Norte,14.1799094,122.3923266
340,Talisay,Camarines Norte,14.1349581,122.9237258
341,Vinzons,Camarines Norte,14.1739546,122.907596
342,Baao,Camarines Sur,13.4531948,123.3663867
343,Balatan,Camarines Sur,13.316667,123.233333
344,Bato,Camarines Sur,13.3572515,123.3677422
345,Bombon,Camarines Sur,13.6858046,123.1989068
346,Buhi,Camarines Sur,13.4342347,123.5171171
347,Bula,Camarines Sur,13.4683491,123.2778401
348,Cabusao,Camarines Sur,13.7273308,123.1126991
349,Calabanga,Camarines Sur,13.708545,123.2157561
350,Camaligan,Camarines Sur,13.6210464,123.1639475
351,Canaman,Camarines Sur,13.6475888,123.1705562
352,Caramoan,Camarines Sur,13.7681398,123.8624978
353,Del Gallego,Camarines Sur,13.9225812,122.5938087
354,Gainza,Camarines Sur,13.6162259,123.1402591
355,Garchitorena,Camarines Sur,13.8818495,123.6977233
356,Goa,Camarines Sur,13.6973443,123.4885073
357,Iriga,Camarines Sur,13.4222626,123.4129406
358,Lagonoy,Camarines Sur,13.7353849,123.520948
359,Libmanan,Camarines Sur,13.6960365,123.0612123
360,Lupi,Camarines Sur,13.790532,122.9106882
361,Magarao,Camarines Sur,13.6607081,123.1851888
362,Milaor,Camarines Sur,13.5958839,123.1780699
363,Minalabac,Camarines Sur,13.5688948,123.1816453
364,Nabua,Camarines Sur,13.4075246,123.3730644
365,Naga,Camarines Sur,13.6244,123.1864
366,Ocampo,Camarines Sur,13.5581721,123.3729397
367,Pamplona,Camarines Sur,13.5922305,123.0826876
368,Pasacao,Camarines Sur,13.5102072,123.0411504
369,Pili,Camarines Sur,13.5561041,123.2741192
370,Presentacion,Camarines Sur,13.7101578,123.7456585
371,Ragay,Camarines Sur,13.8210634,122.78763
372,Sagñay,Camarines Sur,13.6033934,123.5227082
373,San Fernando,Camarines Sur,13.5644173,123.1443199
374,San Jose,Camarines Sur,13.6981652,123.5181339
375,Sipocot,Camarines Sur,13.766636,122.9785788
376,Siruma,Camarines Sur,14.0205642,123.2586653
377,Tigaon,Camarines Sur,13.6303411,123.4965413
378,Tinambac,Camarines Sur,13.8183125,123.3253366
379,Catarman,Camiguin,9.1245495,124.6758412
380,Guinsiliban,Camiguin,9.0965036,124.7848761
381,Mahinog,Camiguin,9.1539005,124.7879606
382,Mambajao,Camiguin,9.2456944,124.7269435
383,Sagay,Camiguin,9.1046249,124.7248182
384,Cuartero,Capiz,11.3411591,122.6694276
385,Dao,Capiz,11.3940224,122.6852422
386,Dumalag,Capiz,11.3042392,122.6214871
387,Dumarao,Capiz,11.2632048,122.6872028
388,Ivisan,Capiz,11.521667,122.690833
389,Jamindan,Capiz,11.4089123,122.5105924
390,Ma-ayon,Capiz,11.3871513,122.7811911
391,Mambusao,Capiz,11.430179,122.5971448
392,Panay,Capiz,11.555244,122.7933288
393,Panitan,Capiz,11.4631934,122.7687618
394,Pilar,Capiz,11.4861234,122.9963607
395,Pontevedra,Capiz,11.4818484,122.8327477
396,President Roxas,Capiz,11.4298506,122.9250508
397,Roxas,Capiz,11.5895171,122.7500577
398,Sapian,Capiz,11.4941867,122.6039848
399,Sigma,Capiz,11.4211672,122.6658275
400,Tapaz,Capiz,11.2620268,122.5358792
401,Bagamanoc,Catanduanes,13.9396368,124.2878298
402,Baras,Catanduanes,13.6591045,124.3704682
403,Bato,Catanduanes,13.6080363,124.2977872
404,Caramoran,Catanduanes,13.9838351,124.1338718
405,Gigmoto,Catanduanes,13.7786693,124.3911728
406,Pandan,Catanduanes,14.0492274,124.1702111
407,Panganiban,Catanduanes,13.9081674,124.30082
408,San Andres,Catanduanes,13.5989151,124.0969685
409,San Miguel,Catanduanes,13.6403293,124.3031092
410,Viga,Catanduanes,13.8715307,124.3087305
411,Virac,Catanduanes,13.5803594,124.2312028
412,Alfonso,Cavite,14.1380464,120.8554205
413,Amadeo,Cavite,14.1698511,120.9217943
414,Bacoor,Cavite,14.458816,120.959579
415,Carmona,Cavite,14.3134763,121.0573969
416,Cavite City,Cavite,14.4833969,120.9088359
417,Dasmariñas,Cavite,14.3270819,120.9370871
418,General Emilio Aguinaldo,Cavite,14.1843333,120.7964033
419,General Mariano Alvarez,Cavite,14.2954628,121.0070814
420,General Trias,Cavite,14.386013,120.8802597
421,Imus,Cavite,14.4290116,120.9365911
422,Indang,Cavite,14.1958306,120.8784148
423,Kawit,Cavite,14.4443142,120.9033242
424,Magallanes,Cavite,14.1874692,120.7573248
425,Maragondon,Cavite,14.2741589,120.7350728
426,Mendez,Cavite,14.1300751,120.9051427
427,Naic,Cavite,14.3193877,120.7641212
428,Noveleta,Cavite,14.4275127,120.8808394
429,Rosario,Cavite,14.4167644,120.8553541
430,Silang,Cavite,14.223624,120.9741497
431,Tagaytay,Cavite,14.1032297,120.9317903
432,Tanza,Cavite,14.4012163,120.8580466
433,Ternate,Cavite,14.286321,120.7160241
434,Trece Martires,Cavite,14.2811668,120.8702367
435,Alcantara,Cebu,9.970227,123.4029243
436,Alcoy,Cebu,9.7087266,123.5073652
437,Alegria,Cebu,9.7293873,123.3396747
438,Aloguinsan,Cebu,10.2225279,123.5485072
439,Argao,Cebu,9.8813917,123.6085598
440,Asturias,Cebu,10.5677403,123.7160037
441,Badian,Cebu,9.870125,123.3989791
442,Balamban,Cebu,10.504892,123.7148228
443,Bantayan,Cebu,11.1666905,123.7188816
444,Barili,Cebu,10.116537,123.5093986
445,Bogo,Cebu,11.0512735,124.0035064
446,Boljoon,Cebu,9.6289389,123.4800179
447,Borbon,Cebu,10.8379222,124.0305935
448,Carcar,Cebu,10.1055552,123.6406685
449,Carmen,Cebu,10.5873302,124.0180859
450,Catmon,Cebu,10.723822,124.0137974
451,Cebu City,Cebu,10.2935639,123.9019209
452,Compostela,Cebu,10.4538391,124.0124753
453,Consolacion,Cebu,10.3760149,123.9568892
454,Cordova,Cebu,10.2526205,123.9495975
455,Daanbantayan,Cebu,11.2503512,123.999128
456,Dalaguete,Cebu,9.7619073,123.5334094
457,Danao,Cebu,10.5194879,124.0271297
458,Dumanjug,Cebu,10.0584038,123.4351815
459,Ginatilan,Cebu,9.5698839,123.3124232
460,Lapu-Lapu,Cebu,10.3127,123.9488
461,Liloan,Cebu,10.3998487,123.998762
462,Madridejos,Cebu,11.2962076,123.7329261
463,Malabuyoc,Cebu,9.6506355,123.3244023
464,Mandaue,Cebu,10.33,123.93
465,Medellin,Cebu,11.1283811,123.9615625
466,Minglanilla,Cebu,10.2458552,123.7961275
467,Moalboal,Cebu,9.9372185,123.3921896
468,Naga,Cebu,10.2084724,123.7590963
469,Oslob,Cebu,9.5204466,123.4335205
470,Pilar,Cebu,10.8066721,124.5651739
471,Pinamungajan,Cebu,10.2699726,123.5840189
472,Poro,Cebu,10.628765,124.4073439
473,Ronda,Cebu,10.0012191,123.4092523
474,Samboan,Cebu,9.5289902,123.3071174
475,San Fernando,Cebu,10.1629017,123.7073793
476,San Francisco,Cebu,10.6459183,124.3817679
477,San Remigio,Cebu,11.0835479,123.9366262
478,Santa Fe,Cebu,11.1537949,123.8068632
479,Santander,Cebu,9.4170689,123.3351935
480,Sibonga,Cebu,10.0173783,123.6204663
481,Sogod,Cebu,10.75,124
482,Tabogon,Cebu,10.9398633,124.0277378
483,Tabuelan,Cebu,10.822884,123.8723508
484,Talisay,Cebu,10.2430205,123.8488245
485,Toledo,Cebu,10.3749385,123.6344069
486,Tuburan,Cebu,10.7285353,123.8254215
487,Tudela,Cebu,10.6362844,124.4700002
488,Alamada,Cotabato,7.3797893,124.5565375
489,Aleosan,Cotabato,7.1585808,124.5774001
490,Antipas,Cotabato,7.2475903,125.0550521
491,Arakan,Cotabato,7.3522459,125.1281821
492,Banisilan,Cotabato,7.5040807,124.6946327
493,Carmen,Cotabato,7.2045108,124.795371
494,Kabacan,Cotabato,7.1082804,124.8233377
495,Kadayangan,Cotabato,7.1229571,124.4766077
496,Kapalawan,Cotabato,7.2421239,124.7911088
497,Kidapawan,Cotabato,7.0095784,125.0905037
498,Libungan,Cotabato,7.2417,124.5175504
499,Ligawasan,Cotabato,6.9940862,124.7040135
500,M'lang,Cotabato,6.9465677,124.8792219
501,Magpet,Cotabato,7.102802,125.1247716
502,Makilala,Cotabato,6.9591335,125.089577
503,Malidegao,Cotabato,7.0607003,124.6773791
504,Matalam,Cotabato,7.0897351,124.9022956
505,Midsayap,Cotabato,7.1900605,124.5333614
506,Nabalawag,Cotabato,7.1032855,124.4923617
507,Old Kaabakan,Cotabato,7.2328881,124.8447114
508,Pahamuddin,Cotabato,7.1690707,124.3640166
509,Pigcawayan,Cotabato,7.2785835,124.424275
510,Pikit,Cotabato,7.0537358,124.6722475
511,President Roxas,Cotabato,7.1577578,125.0513245
512,Tugunan,Cotabato,7.0451866,124.6164151
513,Tulunan,Cotabato,6.8300214,124.8736479
514,Compostela,Davao de Oro,7.6675008,126.0856272
515,Laak,Davao de Oro,7.818882,125.7917332
516,Mabini,Davao de Oro,7.3084474,125.8534216
517,Maco,Davao de Oro,7.368797,125.8556637
518,Maragusan,Davao de Oro,7.3176458,126.1226535
519,Mawab,Davao de Oro,7.5076424,125.9207138
520,Monkayo,Davao de Oro,7.8239526,126.0536908
521,Montevista,Davao de Oro,7.7030449,125.9879183
522,Nabunturan,Davao de Oro,7.6021804,125.9687792
523,New Bataan,Davao de Oro,7.5480137,126.1371638
524,Pantukan,Davao de Oro,7.1268151,125.8971404
525,Asuncion,Davao del Norte,7.5382999,125.753854
526,Braulio E. Dujali,Davao del Norte,7.4509652,125.6883181
527,Carmen,Davao del Norte,7.3556822,125.7044546
528,Kapalong,Davao del Norte,7.5855037,125.7076466
529,New Corella,Davao del Norte,7.5860365,125.8225661
530,Panabo,Davao del Norte,7.29987,125.6807086
531,Samal,Davao del Norte,7.0780265,125.7120437
532,San Isidro,Davao del Norte,7.7477827,125.7278488
533,Santo Tomas,Davao del Norte,7.532835,125.6232185
534,Tagum,Davao del Norte,7.4470784,125.8094853
535,Talaingod,Davao del Norte,7.6325607,125.5751491
536,Bansalan,Davao del Sur,6.7869339,125.2108071
537,Davao City,Davao del Sur,7.0648306,125.6080623
538,Digos,Davao del Sur,6.7440957,125.3555319
539,Hagonoy,Davao del Sur,6.6884647,125.2972001
540,Kiblawan,Davao del Sur,6.6206059,125.2542074
541,Magsaysay,Davao del Sur,6.7517369,125.1504638
542,Malalag,Davao del Sur,6.5918589,125.4008825
543,Matanao,Davao del Sur,6.709707,125.2170514
544,Padada,Davao del Sur,6.6388664,125.3419089
545,Santa Cruz,Davao del Sur,6.8336118,125.4152375
546,Sulop,Davao del Sur,6.5966959,125.3449838
547,Don Marcelino,Davao Occidental,6.1978508,125.6977653
548,Jose Abad Santos,Davao Occidental,5.9126489,125.6446931
549,Malita,Davao Occidental,6.4143745,125.6109051
550,Santa Maria,Davao Occidental,6.5508908,125.4748759
551,Sarangani,Davao Occidental,5.4122896,125.4219492
552,Baganga,Davao Oriental,7.5748266,126.5616958
553,Banaybanay,Davao Oriental,6.9671369,126.0110165
554,Boston,Davao Oriental,7.8702531,126.3764581
555,Caraga,Davao Oriental,7.3278968,126.5646286
556,Cateel,Davao Oriental,7.790089,126.4536942
557,Governor Generoso,Davao Oriental,6.6535259,126.0720099
558,Lupon,Davao Oriental,6.8978665,126.011908
559,Manay,Davao Oriental,7.214086,126.5393643
560,Mati,Davao Oriental,6.9514062,126.2167274
561,San Isidro,Davao Oriental,6.8360202,126.0868392
562,Tarragona,Davao Oriental,7.0486702,126.4461714
563,Basilisa,Dinagat Islands,9.9981678,125.5098276
564,Cagdianao,Dinagat Islands,9.9238959,125.6698325
565,Dinagat,Dinagat Islands,9.9612337,125.5918632
566,Libjo,Dinagat Islands,10.1941944,125.5316075
567,Loreto,Dinagat Islands,10.3595571,125.5788866
568,San Jose,Dinagat Islands,10.0084315,125.5695546
569,Tubajon,Dinagat Islands,10.3200557,125.5589422
570,Arteche,Eastern Samar,12.2695499,125.371313
571,Balangiga,Eastern Samar,11.1074484,125.387454
572,Balangkayan,Eastern Samar,11.4728,125.5108
573,Borongan,Eastern Samar,11.6085788,125.435328
574,Can-avid,Eastern Samar,11.9968852,125.4485155
575,Dolores,Eastern Samar,12.0374468,125.4831175
576,General MacArthur,Eastern Samar,11.2453437,125.5397546
577,Giporlos,Eastern Samar,11.1210881,125.4489009
578,Guiuan,Eastern Samar,11.0305112,125.7238087
579,Hernani,Eastern Samar,11.3232473,125.6190691
580,Jipapad,Eastern Samar,12.2860714,125.2352904
581,Lawaan,Eastern Samar,11.1403377,125.3009712
582,Llorente,Eastern Samar,11.4123071,125.5455987
583,Maslog,Eastern Samar,12.1578533,125.2471693
584,Maydolong,Eastern Samar,11.5010171,125.5016828
585,Mercedes,Eastern Samar,11.0986331,125.710348
586,Oras,Eastern Samar,12.1410311,125.4408359
587,Quinapondan,Eastern Samar,11.1577552,125.5212969
588,Salcedo,Eastern Samar,11.1491251,125.6632611
589,San Julian,Eastern Samar,11.7549638,125.455276
590,San Policarpo,Eastern Samar,12.1797056,125.5072461
591,Sulat,Eastern Samar,11.8152123,125.4530073
592,Taft,Eastern Samar,11.9049131,125.4164158
593,Buenavista,Guimaras,10.6970447,122.6479645
594,Jordan,Guimaras,10.6611675,122.5909592
595,Nueva Valencia,Guimaras,10.5264005,122.5400201
596,San Lorenzo,Guimaras,10.5919964,122.7021327
597,Sibunag,Guimaras,10.5036984,122.6306958
598,Aguinaldo,Ifugao,16.9781924,121.3281101
599,Alfonso Lista,Ifugao,16.9258489,121.4862314
600,Asipulo,Ifugao,16.7222884,121.0664555
601,Banaue,Ifugao,16.9117913,121.0614068
602,Hingyon,Ifugao,16.8511489,121.0991923
603,Hungduan,Ifugao,16.8377827,121.0054468
604,Kiangan,Ifugao,16.7791729,121.0856785
605,Lagawe,Ifugao,16.8013508,121.1242889
606,Lamut,Ifugao,16.6558187,121.2092663
607,Mayoyao,Ifugao,16.9726024,121.2221163
608,Tinoc,Ifugao,16.6754703,120.9363914
609,Adams,Ilocos Norte,18.4613108,120.903571
610,Bacarra,Ilocos Norte,18.2517377,120.6106589
611,Badoc,Ilocos Norte,17.9267006,120.4740893
612,Bangui,Ilocos Norte,18.5367387,120.7657563
613,Banna,Ilocos Norte,17.9799546,120.6549681
614,Batac,Ilocos Norte,18.0555035,120.5645243
615,Burgos,Ilocos Norte,18.5110086,120.6436311
616,Carasi,Ilocos Norte,18.1414459,120.821757
617,Currimao,Ilocos Norte,18.0194482,120.4868281
618,Dingras,Ilocos Norte,18.1034564,120.6977344
619,Dumalneg,Ilocos Norte,18.5203924,120.812245
620,Laoag,Ilocos Norte,18.1973235,120.5935433
621,Marcos,Ilocos Norte,18.0434949,120.6783103
622,Nueva Era,Ilocos Norte,17.9152782,120.6644106
623,Pagudpud,Ilocos Norte,18.5593916,120.7869782
624,Paoay,Ilocos Norte,18.0617813,120.5195093
625,Pasuquin,Ilocos Norte,18.3339819,120.6194886
626,Piddig,Ilocos Norte,18.1635915,120.7165263
627,Pinili,Ilocos Norte,17.9526115,120.5273877
628,San Nicolas,Ilocos Norte,18.174906,120.5943667
629,Sarrat,Ilocos Norte,18.1568444,120.6443463
630,Solsona,Ilocos Norte,18.0953562,120.7732123
631,Vintar,Ilocos Norte,18.2298827,120.6491083
632,Alilem,Ilocos Sur,16.8859992,120.5306897
633,Banayoyo,Ilocos Sur,17.2362842,120.4797383
634,Bantay,Ilocos Sur,17.5820178,120.3896288
635,Burgos,Ilocos Sur,17.3335331,120.4947775
636,Cabugao,Ilocos Sur,17.7944818,120.4549514
637,Candon,Ilocos Sur,17.1929894,120.4483993
638,Caoayan,Ilocos Sur,17.5468059,120.3827051
639,Cervantes,Ilocos Sur,16.989946,120.7354563
640,Galimuyod,Ilocos Sur,17.183128,120.4692241
641,Gregorio del Pilar,Ilocos Sur,17.1460297,120.6118325
642,Lidlidda,Ilocos Sur,17.2517706,120.5210619
643,Magsingal,Ilocos Sur,17.6851901,120.4257345
644,Nagbukel,Ilocos Sur,17.4472774,120.5260318
645,Narvacan,Ilocos Sur,17.4194242,120.4769173
646,Quirino,Ilocos Sur,17.1375583,120.6769986
647,Salcedo,Ilocos Sur,17.1510694,120.536337
648,San Emilio,Ilocos Sur,17.2382931,120.5787045
649,San Esteban,Ilocos Sur,17.3311208,120.4445227
650,San Ildefonso,Ilocos Sur,17.6249757,120.3931252
651,San Juan,Ilocos Sur,17.7422338,120.4583071
652,San Vicente,Ilocos Sur,17.5939099,120.3746171
653,Santa Catalina,Ilocos Sur,17.5888763,120.3633196
654,Santa Cruz,Ilocos Sur,17.0846929,120.4547867
655,Santa Lucia,Ilocos Sur,17.1204469,120.4491232
656,Santa Maria,Ilocos Sur,17.3698618,120.4808168
657,Santa,Ilocos Sur,17.4859899,120.4345364
658,Santiago,Ilocos Sur,17.2940877,120.4453175
659,Santo Domingo,Ilocos Sur,17.6390234,120.409813
660,Sigay,Ilocos Sur,17.0425835,120.5804799
661,Sinait,Ilocos Sur,17.8657434,120.4571865
662,Sugpon,Ilocos Sur,16.8444574,120.516718
663,Suyo,Ilocos Sur,16.983764,120.5151368
664,Tagudin,Ilocos Sur,16.9345656,120.445017
665,Vigan,Ilocos Sur,17.5755487,120.3872632
666,Ajuy,Iloilo,11.1713335,123.0199077
667,Alimodian,Iloilo,10.8167199,122.4317369
668,Anilao,Iloilo,10.9789447,122.7511638
669,Badiangan,Iloilo,10.9863355,122.5367496
670,Balasan,Iloilo,11.472018,123.0887179
671,Banate,Iloilo,11.0013359,122.8186296
672,Barotac Nuevo,Iloilo,10.8951917,122.7041185
673,Barotac Viejo,Iloilo,11.0419661,122.8505181
674,Batad,Iloilo,11.4180961,123.1099182
675,Bingawan,Iloilo,11.233264,122.5669641
676,Cabatuan,Iloilo,10.8798603,122.4819482
677,Calinog,Iloilo,11.1225592,122.5380376
678,Carles,Iloilo,11.5735531,123.133556
679,Concepcion,Iloilo,11.2147066,123.1087513
680,Dingle,Iloilo,11.0000758,122.6717839
681,Dueñas,Iloilo,11.0651622,122.6182682
682,Dumangas,Iloilo,10.8215809,122.712398
683,Estancia,Iloilo,11.4560924,123.1510998
684,Guimbal,Iloilo,10.6615215,122.3228567
685,Igbaras,Iloilo,10.7167462,122.2652065
686,Iloilo City,Iloilo,10.6926985,122.5736783
687,Janiuay,Iloilo,10.949146,122.5019623
688,Lambunao,Iloilo,11.0553435,122.4746304
689,Leganes,Iloilo,10.785528,122.5888137
690,Lemery,Iloilo,11.225827,122.9274305
691,Leon,Iloilo,10.7803736,122.388899
692,Maasin,Iloilo,10.8908217,122.4332818
693,Miagao,Iloilo,10.6410895,122.2355455
694,Mina,Iloilo,10.9300742,122.5742724
695,New Lucena,Iloilo,10.8776999,122.596704
696,Oton,Iloilo,10.693053,122.4782709
697,Passi,Iloilo,11.1173503,122.6468706
698,Pavia,Iloilo,10.7748057,122.5419293
699,Pototan,Iloilo,10.9421197,122.6358296
700,San Dionisio,Iloilo,11.2711575,123.0949468
701,San Enrique,Iloilo,11.0724172,122.6558905
702,San Joaquin,Iloilo,10.5870845,122.1417478
703,San Miguel,Iloilo,10.7814116,122.465155
704,San Rafael,Iloilo,11.1801338,122.8288492
705,Santa Barbara,Iloilo,10.8272284,122.5314745
706,Sara,Iloilo,11.2566801,123.0143933
707,Tigbauan,Iloilo,10.6744469,122.3761115
708,Tubungan,Iloilo,10.7653357,122.318261
709,Zarraga,Iloilo,10.8223786,122.6095819
710,Alicia,Isabela,16.7789338,121.6992173
711,Angadanan,Isabela,16.7568394,121.7480912
712,Aurora,Isabela,16.9908811,121.6358
713,Benito Soliven,Isabela,16.9865052,121.9578429
714,Burgos,Isabela,17.0678152,121.6936012
715,Cabagan,Isabela,17.4264795,121.764914
716,Cabatuan,Isabela,16.9533365,121.668882
717,Cauayan,Isabela,16.9335031,121.7743905
718,Cordon,Isabela,16.6739986,121.4662357
719,Delfin Albano,Isabela,17.3045743,121.7789303
720,Dinapigue,Isabela,16.5258231,122.2621516
721,Divilacan,Isabela,17.3325917,122.2996515
722,Echague,Isabela,16.70536,121.6749455
723,Gamu,Isabela,17.0473401,121.8333707
724,Ilagan,Isabela,17.1486341,121.8886466
725,Jones,Isabela,16.561296,121.7022613
726,Luna,Isabela,16.9683863,121.7293475
727,Maconacon,Isabela,17.3871286,122.2379036
728,Mallig,Isabela,17.2112124,121.6108848
729,Naguilian,Isabela,17.0231211,121.8356
730,Palanan,Isabela,17.0628683,122.4292704
731,Quezon,Isabela,17.3119421,121.6053889
732,Quirino,Isabela,17.1357747,121.7366679
733,Ramon,Isabela,16.7815027,121.5351148
734,Reina Mercedes,Isabela,16.9850846,121.8279423
735,Roxas,Isabela,17.121915,121.6199232
736,San Agustin,Isabela,16.5066966,121.7474086
737,San Guillermo,Isabela,16.7209774,121.8094689
738,San Isidro,Isabela,16.7341724,121.6345148
739,San Manuel,Isabela,17.0269105,121.6308091
740,San Mariano,Isabela,16.9835964,122.0127684
741,San Mateo,Isabela,16.88122,121.5878223
742,San Pablo,Isabela,17.4484981,121.7943953
743,Santa Maria,Isabela,17.4687748,121.7525091
744,Santiago,Isabela,16.6915963,121.5478637
745,Santo Tomas,Isabela,17.3989287,121.7668448
746,Tumauini,Isabela,17.2740459,121.809876
747,Balbalan,Kalinga,17.4414357,121.2016265
748,Lubuagan,Kalinga,17.3527589,121.1758075
749,Pasil,Kalinga,17.3890052,121.1581968
750,Pinukpuk,Kalinga,17.5759915,121.3674483
751,Rizal,Kalinga,17.4994886,121.5956717
752,Tabuk,Kalinga,17.4136195,121.4440137
753,Tanudan,Kalinga,17.2815631,121.2317848
754,Tinglayan,Kalinga,17.2659982,121.1482339
755,Agoo,La Union,16.3223973,120.3670036
756,Aringay,La Union,16.3946672,120.354351
757,Bacnotan,La Union,16.7202558,120.3525941
758,Bagulin,La Union,16.6062112,120.4373211
759,Balaoan,La Union,16.8208293,120.4025861
760,Bangar,La Union,16.8937811,120.4229597
761,Bauang,La Union,16.5265951,120.3292822
762,Burgos,La Union,16.5189301,120.4583283
763,Caba,La Union,16.4318378,120.3456178
764,Luna,La Union,16.853603,120.3776772
765,Naguilian,La Union,16.5313384,120.3941216
766,Pugo,La Union,16.3202994,120.4673523
767,Rosario,La Union,16.2299397,120.487704
768,San Fernando,La Union,16.6162676,120.317104
769,San Gabriel,La Union,16.673886,120.4011842
770,San Juan,La Union,16.6699328,120.3385507
771,Santo Tomas,La Union,16.2823499,120.3867155
772,Santol,La Union,16.7721697,120.4600563
773,Sudipen,La Union,16.9060713,120.4618395
774,Tubao,La Union,16.3470326,120.4126153
775,Alaminos,Laguna,14.0650417,121.2463809
776,Bay,Laguna,14.1809859,121.284764
777,Biñan,Laguna,14.3388259,121.0841826
778,Cabuyao,Laguna,14.2795538,121.1235712
779,Calamba,Laguna,14.2060217,121.1556496
780,Calauan,Laguna,14.1453986,121.3149851
781,Cavinti,Laguna,14.2453833,121.5070018
782,Famy,Laguna,14.4354493,121.4491564
783,Kalayaan,Laguna,14.3276464,121.4798659
784,Liliw,Laguna,14.1303236,121.4358499
785,Los Baños,Laguna,14.1775648,121.2214303
786,Luisiana,Laguna,14.1850164,121.5100243
787,Lumban,Laguna,14.2974791,121.4590515
788,Mabitac,Laguna,14.4259361,121.429439
789,Magdalena,Laguna,14.1996471,121.4292603
790,Majayjay,Laguna,14.1455816,121.4725083
791,Nagcarlan,Laguna,14.1365862,121.412739
792,Paete,Laguna,14.3641222,121.4815784
793,Pagsanjan,Laguna,14.2727689,121.4540022
794,Pakil,Laguna,14.3807742,121.4786229
795,Pangil,Laguna,14.4029123,121.4677652
796,Pila,Laguna,14.2347317,121.3640614
797,Rizal,Laguna,14.1100269,121.3934407
798,San Pablo,Laguna,14.0700502,121.3255974
799,San Pedro,Laguna,14.3639435,121.056771
800,Santa Cruz,Laguna,14.2818099,121.414977
801,Santa Maria,Laguna,14.4700204,121.4230494
802,Santa Rosa,Laguna,14.3146042,121.1137466
803,Siniloan,Laguna,14.4215284,121.444412
804,Victoria,Laguna,14.2270483,121.3280871
805,Bacolod,Lanao del Norte,8.1900792,124.0239856
806,Balo-i,Lanao del Norte,8.1155656,124.2220178
807,Baroy,Lanao del Norte,8.0244948,123.7794482
808,Iligan,Lanao del Norte,8.23,124.25
809,Kapatagan,Lanao del Norte,7.8959157,123.7671411
810,Kauswagan,Lanao del Norte,8.1886898,124.0864362
811,Kolambugan,Lanao del Norte,8.111282,123.8965933
812,Lala,Lanao del Norte,7.9733694,123.7476509
813,Linamon,Lanao del Norte,8.1839585,124.1569454
814,Magsaysay,Lanao del Norte,8.0347903,123.9131672
815,Maigo,Lanao del Norte,8.1586175,123.9610824
816,Matungao,Lanao del Norte,8.1332196,124.1671308
817,Munai,Lanao del Norte,8.0787755,124.052425
818,Nunungan,Lanao del Norte,7.7874638,123.9104982
819,Pantao Ragat,Lanao del Norte,8.0610559,124.1846453
820,Pantar,Lanao del Norte,8.061219,124.2642034
821,Poona Piagapo,Lanao del Norte,8.1328988,124.1177626
822,Salvador,Lanao del Norte,7.9031902,123.8408099
823,Sapad,Lanao del Norte,7.8458435,123.8364762
824,Sultan Naga Dimaporo,Lanao del Norte,7.7949239,123.7187454
825,Tagoloan,Lanao del Norte,8.1268565,124.2767478
826,Tangcal,Lanao del Norte,8.0459087,123.9418102
827,Tubod,Lanao del Norte,8.0486582,123.7961839
828,Amai Manabilang,Lanao del Sur,7.7872884,124.6818569
829,Bacolod-Kalawi,Lanao del Sur,7.8576753,124.1423567
830,Balabagan,Lanao del Sur,7.5093206,124.127834
831,Balindong,Lanao del Sur,7.9109446,124.1989271
832,Bayang,Lanao del Sur,7.793733,124.1972049
833,Binidayan,Lanao del Sur,7.7949244,124.1670371
834,Buadiposo-Buntong,Lanao del Sur,7.9654,124.37615
835,Bubong,Lanao del Sur,7.9833903,124.3855095
836,Butig,Lanao del Sur,7.7436836,124.3132473
837,Calanogas,Lanao del Sur,7.7335431,124.07895
838,Ditsaan-Ramain,Lanao del Sur,7.9788768,124.3516506
839,Ganassi,Lanao del Sur,7.8260261,124.1018827
840,Kapai,Lanao del Sur,8.0736026,124.3638057
841,Kapatagan,Lanao del Sur,7.5003296,124.1943761
842,Lumba-Bayabao,Lanao del Sur,7.8634383,124.370507
843,Lumbaca-Unayan,Lanao del Sur,7.749628,124.2059475
844,Lumbatan,Lanao del Sur,7.7848782,124.2552241
845,Lumbayanague,Lanao del Sur,7.7830764,124.2814217
846,Madalum,Lanao del Sur,7.8540188,124.1140094
847,Madamba,Lanao del Sur,7.8588264,124.050705
848,Maguing,Lanao del Sur,7.8887846,124.3712164
849,Malabang,Lanao del Sur,7.5927798,124.0686251
850,Marantao,Lanao del Sur,7.9482892,124.2315699
851,Marawi,Lanao del Sur,8.0047262,124.2854351
852,Marogong,Lanao del Sur,7.6754959,124.153302
853,Masiu,Lanao del Sur,7.8184459,124.3308048
854,Mulondo,Lanao del Sur,7.9170563,124.3615673
855,Pagayawan,Lanao del Sur,7.7965721,124.1001642
856,Piagapo,Lanao del Sur,7.989793,124.1796138
857,Picong,Lanao del Sur,7.6694893,123.9669805
858,Poona Bayabao,Lanao del Sur,7.8531283,124.3394332
859,Pualas,Lanao del Sur,7.8201575,124.0801292
860,Saguiaran,Lanao del Sur,8.0340831,124.2687239
861,Sultan Dumalondong,Lanao del Sur,7.75749,124.2574747
862,Tagoloan II,Lanao del Sur,8.0798345,124.4157352
863,Tamparan,Lanao del Sur,7.8765155,124.3264879
864,Taraka,Lanao del Sur,7.8998799,124.3339467
865,Tubaran,Lanao del Sur,7.7450128,124.1841657
866,Tugaya,Lanao del Sur,7.883728,124.17801
867,Wao,Lanao del Sur,7.6382215,124.7241605
868,Abuyog,Leyte,10.7467715,125.0120993
869,Alangalang,Leyte,11.2066762,124.8466247
870,Albuera,Leyte,10.9166552,124.6943663
871,Babatngon,Leyte,11.4231843,124.8448166
872,Barugo,Leyte,11.3246577,124.734946
873,Bato,Leyte,10.32793,124.7893242
874,Baybay,Leyte,10.6778023,124.7977531
875,Burauen,Leyte,10.9748709,124.8932225
876,Calubian,Leyte,11.4467301,124.4286683
877,Capoocan,Leyte,11.2932356,124.6426843
878,Carigara,Leyte,11.3017446,124.6872516
879,Dagami,Leyte,11.065407,124.9032144
880,Dulag,Leyte,10.9532437,125.0334522
881,Hilongos,Leyte,10.3733001,124.7488169
882,Hindang,Leyte,10.434445,124.7267437
883,Inopacan,Leyte,10.5003419,124.7398262
884,Isabel,Leyte,10.925975,124.4341465
885,Jaro,Leyte,11.1895192,124.7831875
886,Javier,Leyte,10.7929104,124.9362671
887,Julita,Leyte,10.9723393,124.9623212
888,Kananga,Leyte,11.1847129,124.561077
889,La Paz,Leyte,10.890486,124.9577957
890,Leyte,Leyte,11.3704698,124.4867592
891,MacArthur,Leyte,10.8354762,124.9958814
892,Mahaplag,Leyte,10.6052385,124.9646732
893,Matag-ob,Leyte,11.1455709,124.4722659
894,Matalom,Leyte,10.2821237,124.7858627
895,Mayorga,Leyte,10.9034481,125.0059346
896,Merida,Leyte,10.9081163,124.5383375
897,Ormoc,Leyte,11.0052935,124.6090753
898,Palo,Leyte,11.159448,124.9908138
899,Palompon,Leyte,11.0483792,124.3825547
900,Pastrana,Leyte,11.1367152,124.8864225
901,San Isidro,Leyte,11.4057556,124.3504917
902,San Miguel,Leyte,11.2945424,124.8297663
903,Santa Fe,Leyte,11.1858908,124.915326
904,Tabango,Leyte,11.3061737,124.371579
905,Tabontabon,Leyte,11.0426452,124.9650854
906,Tacloban,Leyte,11.24,125
907,Tanauan,Leyte,11.1112113,125.0169194
908,Tolosa,Leyte,11.0634389,125.0375888
909,Tunga,Leyte,11.2460631,124.7512738
910,Villaba,Leyte,11.2140014,124.3938038
911,Barira,Maguindanao del Norte,7.4707819,124.356424
912,Buldon,Maguindanao del Norte,7.5144498,124.3710663
913,Cotabato City,Maguindanao del Norte,7.2237628,124.2467062
914,Datu Blah T. Sinsuat,Maguindanao del Norte,7.0678918,124.0189526
915,Datu Odin Sinsuat,Maguindanao del Norte,7.0235591,124.3157123
916,Kabuntalan,Maguindanao del Norte,7.1180891,124.3639908
917,Matanog,Maguindanao del Norte,7.4668478,124.2585697
918,Northern Kabuntalan,Maguindanao del Norte,7.2019857,124.4764312
919,Parang,Maguindanao del Norte,7.3755802,124.267482
920,Sultan Kudarat,Maguindanao del Norte,7.271093,124.2919201
921,Sultan Mastura,Maguindanao del Norte,7.2981511,124.2852328
922,Talitay,Maguindanao del Norte,7.0352152,124.3745009
923,Upi,Maguindanao del Norte,7.0103624,124.160434
924,Ampatuan,Maguindanao del Sur,6.8321846,124.4571005
925,Buluan,Maguindanao del Sur,6.7166195,124.7865943
926,Datu Abdullah Sangki,Maguindanao del Sur,6.7666556,124.481723
927,Datu Anggal Midtimbang,Maguindanao del Sur,6.9931618,124.3415426
928,Datu Hoffer Ampatuan,Maguindanao del Sur,6.8580635,124.4245711
929,Datu Montawal,Maguindanao del Sur,7.077019,124.7487629
930,Datu Paglas,Maguindanao del Sur,6.7466118,124.8699956
931,Datu Piang,Maguindanao del Sur,7.0287661,124.499512
932,Datu Salibo,Maguindanao del Sur,6.9767315,124.4823832
933,Datu Saudi-Ampatuan,Maguindanao del Sur,6.9261327,124.4145057
934,Datu Unsay,Maguindanao del Sur,6.8812524,124.4355823
935,General Salipada K. Pendatun,Maguindanao del Sur,6.8267583,124.7540396
936,Guindulungan,Maguindanao del Sur,6.9766551,124.3862549
937,Mamasapano,Maguindanao del Sur,6.8926767,124.500925
938,Mangudadatu,Maguindanao del Sur,6.6467834,124.7859734
939,Pagalungan,Maguindanao del Sur,7.0599392,124.6992377
940,Paglat,Maguindanao del Sur,6.7806618,124.7850687
941,Pandag,Maguindanao del Sur,6.7411968,124.7836552
942,Rajah Buayan,Maguindanao del Sur,6.9077057,124.5514195
943,Shariff Aguak,Maguindanao del Sur,6.8610172,124.4444871
944,Shariff Saydona Mustapha,Maguindanao del Sur,6.8816312,124.4843998
945,South Upi,Maguindanao del Sur,6.8549414,124.1439996
946,Sultan sa Barongis,Maguindanao del Sur,6.8826611,124.6002051
947,Talayan,Maguindanao del Sur,6.9841524,124.3560226
948,Boac,Marinduque,13.4469207,121.8416045
949,Buenavista,Marinduque,13.2547446,121.9436522
950,Gasan,Marinduque,13.3239199,121.8466277
951,Mogpog,Marinduque,13.4737615,121.860663
952,Santa Cruz,Marinduque,13.4763975,122.0278552
953,Torrijos,Marinduque,13.3186924,122.0858558
954,Aroroy,Masbate,12.5118501,123.3975552
955,Baleno,Masbate,12.4738762,123.4975215
956,Balud,Masbate,12.0384347,123.1933683
957,Batuan,Masbate,12.4216283,123.779537
958,Cataingan,Masbate,11.9996467,123.9978457
959,Cawayan,Masbate,11.9283971,123.7692131
960,Claveria,Masbate,12.9034794,123.2457124
961,Dimasalang,Masbate,12.1931384,123.8586018
962,Esperanza,Masbate,11.7376454,124.0421642
963,Mandaon,Masbate,12.2266459,123.2849134
964,Masbate City,Masbate,12.3710899,123.6239223
965,Milagros,Masbate,12.218165,123.5093507
966,Mobo,Masbate,12.3366103,123.6580769
967,Monreal,Masbate,12.6441423,123.6637788
968,Palanas,Masbate,12.1459982,123.9222245
969,Pio V. Corpus,Masbate,11.8837245,124.0489113
970,Placer,Masbate,11.8702901,123.9182252
971,San Fernando,Masbate,12.4830672,123.7633301
972,San Jacinto,Masbate,12.5677,123.7337
973,San Pascual,Masbate,13.1281223,122.9775697
974,Uson,Masbate,12.2251109,123.78466
975,Caloocan,Metro Manila,14.651348,120.9724002
976,Las Piñas,Metro Manila,14.4809012,120.9817861
977,Makati,Metro Manila,14.5567949,121.0211226
978,Malabon,Metro Manila,14.6578504,120.9511261
979,Mandaluyong,Metro Manila,14.5774392,121.0338973
980,Manila,Metro Manila,14.5904492,120.9803621
981,Marikina,Metro Manila,14.6331084,121.0993541
982,Muntinlupa,Metro Manila,14.3892634,121.0449101
983,Navotas,Metro Manila,14.6571862,120.9479692
984,Parañaque,Metro Manila,14.5008116,120.9915327
985,Pasay,Metro Manila,14.5436995,120.9946503
986,Pasig,Metro Manila,14.5605166,121.0764343
987,Pateros,Metro Manila,14.5447555,121.067134
988,Quezon City,Metro Manila,14.6510546,121.0486254
989,San Juan,Metro Manila,14.6044363,121.0299469
990,Taguig,Metro Manila,14.5270538,121.0744942
991,Valenzuela,Metro Manila,14.6916903,120.9694534
992,Aloran,Misamis Occidental,8.4164194,123.8210876
993,Baliangao,Misamis Occidental,8.6603518,123.6024796
994,Bonifacio,Misamis Occidental,8.0522878,123.6139434
995,Calamba,Misamis Occidental,8.558237,123.644047
996,Clarin,Misamis Occidental,8.1998924,123.8616135
997,Concepcion,Misamis Occidental,8.4233368,123.6032778
998,Don Victoriano Chiongbian,Misamis Occidental,8.2492223,123.5673621
999,Jimenez,Misamis Occidental,8.3343655,123.8400281
1000,Lopez Jaena,Misamis Occidental,8.5530838,123.7657748
1001,Oroquieta,Misamis Occidental,8.4858864,123.8077767
1002,Ozamiz,Misamis Occidental,8.1470175,123.8459793
1003,Panaon,Misamis Occidental,8.362795,123.8409132
1004,Plaridel,Misamis Occidental,8.6198081,123.7113727
1005,Sapang Dalaga,Misamis Occidental,8.5422258,123.5670307
1006,Sinacaban,Misamis Occidental,8.2852005,123.8428482
1007,Tangub,Misamis Occidental,8.0609053,123.7512585
1008,Tudela,Misamis Occidental,8.2411877,123.8469059
1009,Alubijid,Misamis Oriental,8.5704786,124.4711949
1010,Balingasag,Misamis Oriental,8.7428634,124.7755689
1011,Balingoan,Misamis Oriental,9.0038881,124.8502124
1012,Binuangan,Misamis Oriental,8.921055,124.7850158
1013,Cagayan de Oro,Misamis Oriental,8.4756417,124.6421532
1014,Claveria,Misamis Oriental,8.6119415,124.8933887
1015,El Salvador,Misamis Oriental,8.5585108,124.5264381
1016,Gingoog,Misamis Oriental,8.8232748,125.1012978
1017,Gitagum,Misamis Oriental,8.5944139,124.4057538
1018,Initao,Misamis Oriental,8.4975425,124.3056107
1019,Jasaan,Misamis Oriental,8.6504031,124.7547085
1020,Kinoguitan,Misamis Oriental,8.9840257,124.7911165
1021,Lagonglong,Misamis Oriental,8.8058529,124.7877432
1022,Laguindingan,Misamis Oriental,8.5747178,124.4408927
1023,Libertad,Misamis Oriental,8.5627014,124.3522663
1024,Lugait,Misamis Oriental,8.3431526,124.2597747
1025,Magsaysay,Misamis Oriental,9.0193202,125.1805417
1026,Manticao,Misamis Oriental,8.4032763,124.2888219
1027,Medina,Misamis Oriental,8.911603,125.0245634
1028,Naawan,Misamis Oriental,8.4336209,124.2909727
1029,Opol,Misamis Oriental,8.5212429,124.5747574
1030,Salay,Misamis Oriental,8.8588765,124.7868157
1031,Sugbongcogon,Misamis Oriental,8.9553203,124.7853015
1032,Tagoloan,Misamis Oriental,8.5387132,124.75441
1033,Talisayan,Misamis Oriental,8.9974839,124.8846137
1034,Villanueva,Misamis Oriental,8.5837261,124.7698576
1035,Barlig,Mountain Province,17.0409263,121.0997536
1036,Bauko,Mountain Province,16.9902652,120.865329
1037,Besao,Mountain Province,17.0955228,120.8565903
1038,Bontoc,Mountain Province,17.0891276,120.977394
1039,Natonin,Mountain Province,17.1074577,121.2747091
1040,Paracelis,Mountain Province,17.1809095,121.4036126
1041,Sabangan,Mountain Province,17.0035277,120.9236583
1042,Sadanga,Mountain Province,17.1682043,121.0264409
1043,Sagada,Mountain Province,17.0844848,120.9005584
1044,Tadian,Mountain Province,16.9957868,120.8218214
1045,Bacolod,Negros Occidental,10.676458,122.950917
1046,Bago,Negros Occidental,10.5376299,122.8352802
1047,Binalbagan,Negros Occidental,10.1940763,122.8644542
1048,Cadiz,Negros Occidental,10.956652,123.3057034
1049,Calatrava,Negros Occidental,10.5940442,123.4763844
1050,Candoni,Negros Occidental,9.8306756,122.6429611
1051,Cauayan,Negros Occidental,9.972222,122.624444
1052,Don Salvador Benedicto,Negros Occidental,10.5769188,123.2202369
1053,Enrique B. Magalona,Negros Occidental,10.8770717,122.9814106
1054,Escalante,Negros Occidental,10.8412679,123.4992627
1055,Himamaylan,Negros Occidental,10.0992841,122.870539
1056,Hinigaran,Negros Occidental,10.2713832,122.8519909
1057,Hinoba-an,Negros Occidental,9.6021766,122.4670994
1058,Ilog,Negros Occidental,10.0256251,122.7682414
1059,Isabela,Negros Occidental,10.2036952,122.9881449
1060,Kabankalan,Negros Occidental,9.9889153,122.8134802
1061,La Carlota,Negros Occidental,10.425356,122.9224865
1062,La Castellana,Negros Occidental,10.370548,123.0827609
1063,Manapla,Negros Occidental,10.9591466,123.1234936
1064,Moises Padilla,Negros Occidental,10.270745,123.0734088
1065,Murcia,Negros Occidental,10.6066483,123.0404676
1066,Pontevedra,Negros Occidental,10.3678837,122.8703897
1067,Pulupandan,Negros Occidental,10.5224582,122.8011907
1068,Sagay,Negros Occidental,10.8960681,123.4154617
1069,San Carlos,Negros Occidental,10.486048,123.4190385
1070,San Enrique,Negros Occidental,10.4168395,122.8505869
1071,Silay,Negros Occidental,10.7994126,122.9756149
1072,Sipalay,Negros Occidental,9.7491266,122.4040602
1073,Talisay,Negros Occidental,10.7372649,122.9673325
1074,Toboso,Negros Occidental,10.7169474,123.5135576
1075,Valladolid,Negros Occidental,10.461548,122.8234493
1076,Victorias,Negros Occidental,10.9013412,123.0714943
1077,Amlan,Negros Oriental,9.4647598,123.2230669
1078,Ayungon,Negros Oriental,9.8589124,123.1437702
1079,Bacong,Negros Oriental,9.2452115,123.2951117
1080,Bais,Negros Oriental,9.5914759,123.121303
1081,Basay,Negros Oriental,9.4080265,122.6408354
1082,Bayawan,Negros Oriental,9.3661533,122.804837
1083,Bindoy,Negros Oriental,9.7572821,123.1391552
1084,Canlaon,Negros Oriental,10.386953,123.2186238
1085,Dauin,Negros Oriental,9.1897165,123.26577
1086,Dumaguete,Negros Oriental,9.3054777,123.3080446
1087,Guihulngan,Negros Oriental,10.1195972,123.273871
1088,Jimalalud,Negros Oriental,9.9791192,123.2003762
1089,La Libertad,Negros Oriental,10.0259479,123.2347866
1090,Mabinay,Negros Oriental,9.7265537,122.9294947
1091,Manjuyod,Negros Oriental,9.6788502,123.1488063
1092,Pamplona,Negros Oriental,9.4723485,123.1190485
1093,San Jose,Negros Oriental,9.4141533,123.241848
1094,Santa Catalina,Negros Oriental,9.3330937,122.8631365
1095,Siaton,Negros Oriental,9.0627498,123.0337961
1096,Sibulan,Negros Oriental,9.3588762,123.2852364
1097,Tanjay,Negros Oriental,9.5164507,123.1566353
1098,Tayasan,Negros Oriental,9.922622,123.1714759
1099,Valencia,Negros Oriental,9.2817803,123.2446771
1100,Vallehermoso,Negros Oriental,10.3354066,123.3266886
1101,Zamboanguita,Negros Oriental,9.1004649,123.1994244
1102,Allen,Northern Samar,12.5011163,124.2826577
1103,Biri,Northern Samar,12.6816045,124.3618377
1104,Bobon,Northern Samar,12.5257804,124.5641977
1105,Capul,Northern Samar,12.4230698,124.1822429
1106,Catarman,Northern Samar,12.4996559,124.6365924
1107,Catubig,Northern Samar,12.407868,125.0544364
1108,Gamay,Northern Samar,12.3867359,125.3015079
1109,Laoang,Northern Samar,12.5688537,125.0152917
1110,Lapinig,Northern Samar,12.3172219,125.3016342
1111,Las Navas,Northern Samar,12.3381782,125.0310474
1112,Lavezares,Northern Samar,12.534318,124.3305278
1113,Lope de Vega,Northern Samar,12.3008732,124.6245004
1114,Mapanas,Northern Samar,12.4752025,125.255472
1115,Mondragon,Northern Samar,12.5161482,124.7526387
1116,Palapag,Northern Samar,12.5455937,125.1149936
1117,Pambujan,Northern Samar,12.5639616,124.9282311
1118,Rosario,Northern Samar,12.5225697,124.4253004
1119,San Antonio,Northern Samar,12.4138149,124.2790754
1120,San Isidro,Northern Samar,12.3854183,124.3305977
1121,San Jose,Northern Samar,12.5301889,124.4878494
1122,San Roque,Northern Samar,12.5397442,124.8748842
1123,San Vicente,Northern Samar,12.273101,124.0997214
1124,Silvino Lobos,Northern Samar,12.3266874,124.8469461
1125,Victoria,Northern Samar,12.4466736,124.3123478
1126,Aliaga,Nueva Ecija,15.5032754,120.8455577
1127,Bongabon,Nueva Ecija,15.6321627,121.1459259
1128,Cabanatuan,Nueva Ecija,15.4905045,120.9684264
1129,Cabiao,Nueva Ecija,15.2512658,120.8567919
1130,Carranglan,Nueva Ecija,15.9606628,121.0638705
1131,Cuyapo,Nueva Ecija,15.77749,120.6622842
1132,Gabaldon,Nueva Ecija,15.4509426,121.3383519
1133,Gapan,Nueva Ecija,15.3122806,120.9479433
1134,General Mamerto Natividad,Nueva Ecija,15.6030982,121.0508107
1135,General Tinio,Nueva Ecija,15.3501261,121.0498041
1136,Guimba,Nueva Ecija,15.6603499,120.7669137
1137,Jaen,Nueva Ecija,15.3371423,120.9059513
1138,Laur,Nueva Ecija,15.5797175,121.1865246
1139,Licab,Nueva Ecija,15.5403458,120.7634483
1140,Llanera,Nueva Ecija,15.6624599,121.0220525
1141,Lupao,Nueva Ecija,15.8770143,120.8995214
1142,Muñoz,Nueva Ecija,15.7135413,120.9039451
1143,Nampicuan,Nueva Ecija,15.7321724,120.6386089
1144,Palayan,Nueva Ecija,15.5408666,121.0842988
1145,Pantabangan,Nueva Ecija,15.8073911,121.1442251
1146,Peñaranda,Nueva Ecija,15.3525981,120.999887
1147,Quezon,Nueva Ecija,15.5536502,120.8101793
1148,Rizal,Nueva Ecija,15.7087764,121.1050406
1149,San Antonio,Nueva Ecija,15.3067057,120.8500112
1150,San Isidro,Nueva Ecija,15.3096543,120.9063408
1151,San Jose,Nueva Ecija,15.7917408,120.989145
1152,San Leonardo,Nueva Ecija,15.361846,120.9580253
1153,Santa Rosa,Nueva Ecija,15.4247135,120.9380468
1154,Santo Domingo,Nueva Ecija,15.5863531,120.8778206
1155,Talavera,Nueva Ecija,15.5843049,120.917903
1156,Talugtug,Nueva Ecija,15.7780706,120.8080405
1157,Zaragoza,Nueva Ecija,15.4475833,120.7935538
1158,Alfonso Castañeda,Nueva Vizcaya,15.793314,121.3035569
1159,Ambaguio,Nueva Vizcaya,16.5331234,121.0277675
1160,Aritao,Nueva Vizcaya,16.2968923,121.0340711
1161,Bagabag,Nueva Vizcaya,16.6055376,121.2533079
1162,Bambang,Nueva Vizcaya,16.3850624,121.1054715
1163,Bayombong,Nueva Vizcaya,16.4829252,121.1505219
1164,Diadi,Nueva Vizcaya,16.6606225,121.3693297
1165,Dupax del Norte,Nueva Vizcaya,16.3073041,121.1017442
1166,Dupax del Sur,Nueva Vizcaya,16.2842827,121.091306
1167,Kasibu,Nueva Vizcaya,16.3177797,121.2941105
1168,Kayapa,Nueva Vizcaya,16.3580559,120.8871609
1169,Quezon,Nueva Vizcaya,16.4901938,121.2640347
1170,Santa Fe,Nueva Vizcaya,16.1590291,120.9381714
1171,Solano,Nueva Vizcaya,16.5180604,121.1806163
1172,Villaverde,Nueva Vizcaya,16.6050644,121.1836015
1173,Abra de Ilog,Occidental Mindoro,13.4444905,120.7288218
1174,Calintaan,Occidental Mindoro,12.5706215,120.9416556
1175,Looc,Occidental Mindoro,13.7197591,120.2502443
1176,Lubang,Occidental Mindoro,13.8592951,120.1227812
1177,Magsaysay,Occidental Mindoro,12.3069041,121.1441446
1178,Mamburao,Occidental Mindoro,13.2248292,120.5960338
1179,Paluan,Occidental Mindoro,13.4158295,120.4626484
1180,Rizal,Occidental Mindoro,12.4584969,120.9638808
1181,Sablayan,Occidental Mindoro,12.8470382,120.7799198
1182,San Jose,Occidental Mindoro,12.3529756,121.0663052
1183,Santa Cruz,Occidental Mindoro,13.0739956,120.7217953
1184,Baco,Oriental Mindoro,13.3581031,121.0963319
1185,Bansud,Oriental Mindoro,12.8640556,121.4555057
1186,Bongabong,Oriental Mindoro,12.7480016,121.4892292
1187,Bulalacao,Oriental Mindoro,12.3261931,121.3437406
1188,Calapan,Oriental Mindoro,13.4145513,121.179543
1189,Gloria,Oriental Mindoro,12.9688453,121.4785283
1190,Mansalay,Oriental Mindoro,12.5204987,121.4389813
1191,Naujan,Oriental Mindoro,13.324239,121.3030659
1192,Pinamalayan,Oriental Mindoro,13.0386691,121.4801563
1193,Pola,Oriental Mindoro,13.1435504,121.4416056
1194,Puerto Galera,Oriental Mindoro,13.5017104,120.9543353
1195,Roxas,Oriental Mindoro,12.5908562,121.517018
1196,San Teodoro,Oriental Mindoro,13.4365332,121.0199119
1197,Socorro,Oriental Mindoro,13.0552134,121.406919
1198,Victoria,Oriental Mindoro,13.1733849,121.2787746
1199,Aborlan,Palawan,9.4371009,118.5484168
1200,Agutaya,Palawan,11.1511823,120.9394557
1201,Araceli,Palawan,10.5535521,119.9891472
1202,Balabac,Palawan,7.9864527,117.0647312
1203,Bataraza,Palawan,8.6733047,117.6286933
1204,Brooke's Point,Palawan,8.7736019,117.8389787
1205,Busuanga,Palawan,12.1318372,119.9370716
1206,Cagayancillo,Palawan,9.577868,121.1993551
1207,Coron,Palawan,11.9985507,120.2051611
1208,Culion,Palawan,11.8905322,120.0220973
1209,Cuyo,Palawan,10.8551218,121.008475
1210,Dumaran,Palawan,10.53,119.77
1211,El Nido,Palawan,11.1800395,119.390496
1212,Kalayaan,Palawan,11.0522,114.2833
1213,Linapacan,Palawan,11.4911664,119.8680499
1214,Magsaysay,Palawan,10.8652601,121.0497566
1215,Narra,Palawan,9.2694766,118.4039018
1216,Puerto Princesa,Palawan,9.75,118.75
1217,Quezon,Palawan,9.2377363,117.9963805
1218,Rizal,Palawan,9.034095,117.6425658
1219,Roxas,Palawan,10.3196268,119.3430042
1220,San Vicente,Palawan,10.5281,119.2542
1221,Sofronio Española,Palawan,8.9587551,117.9941112
1222,Taytay,Palawan,10.8264031,119.5159199
1223,Angeles,Pampanga,15.147181,120.584733
1224,Apalit,Pampanga,14.9494832,120.7588083
1225,Arayat,Pampanga,15.1504805,120.772694
1226,Bacolor,Pampanga,14.9965611,120.6513934
1227,Candaba,Pampanga,15.0923632,120.8272514
1228,Floridablanca,Pampanga,14.9745982,120.5277236
1229,Guagua,Pampanga,14.9654074,120.6336297
1230,Lubao,Pampanga,14.9378136,120.600497
1231,Mabalacat,Pampanga,15.2250826,120.5733815
1232,Macabebe,Pampanga,14.9081836,120.7149803
1233,Magalang,Pampanga,15.2140936,120.6616332
1234,Masantol,Pampanga,14.8928667,120.7052547
1235,Mexico,Pampanga,15.0643509,120.720544
1236,Minalin,Pampanga,14.9681787,120.6849187
1237,Porac,Pampanga,15.0726482,120.5430211
1238,San Fernando,Pampanga,15.0283014,120.6938038
1239,San Luis,Pampanga,15.0393531,120.7908452
1240,San Simon,Pampanga,14.9954506,120.7791636
1241,Santa Ana,Pampanga,15.0946937,120.7659889
1242,Santa Rita,Pampanga,15.0001444,120.6173052
1243,Santo Tomas,Pampanga,14.9888039,120.7090486
1244,Sasmuan,Pampanga,14.9361811,120.6226542
1245,Agno,Pangasinan,16.1156627,119.799026
1246,Aguilar,Pangasinan,15.8890372,120.2384199
1247,Alaminos,Pangasinan,16.1553857,119.9792201
1248,Alcala,Pangasinan,15.8443487,120.5213759
1249,Anda,Pangasinan,16.2896313,119.9496392
1250,Asingan,Pangasinan,16.0037829,120.6702443
1251,Balungao,Pangasinan,15.8977234,120.67179
1252,Bani,Pangasinan,16.1839974,119.8618795
1253,Basista,Pangasinan,15.8531133,120.40315
1254,Bautista,Pangasinan,15.8104339,120.4761471
1255,Bayambang,Pangasinan,15.8088028,120.4540746
1256,Binalonan,Pangasinan,16.0444475,120.5917707
1257,Binmaley,Pangasinan,16.0305294,120.2695164
1258,Bolinao,Pangasinan,16.3886595,119.8932117
1259,Bugallon,Pangasinan,15.9540627,120.2149613
1260,Burgos,Pangasinan,16.0593938,119.8649284
1261,Calasiao,Pangasinan,16.0089487,120.3571939
1262,Dagupan,Pangasinan,16.043021,120.3337627
1263,Dasol,Pangasinan,15.9902346,119.8811438
1264,Infanta,Pangasinan,15.8251315,119.9056689
1265,Labrador,Pangasinan,16.025725,120.1464644
1266,Laoac,Pangasinan,16.0480995,120.5471064
1267,Lingayen,Pangasinan,16.0206363,120.2307093
1268,Mabini,Pangasinan,16.0698586,119.9394828
1269,Malasiqui,Pangasinan,15.9199144,120.4138181
1270,Manaoag,Pangasinan,16.0435664,120.4873292
1271,Mangaldan,Pangasinan,16.0702806,120.4037803
1272,Mangatarem,Pangasinan,15.7885355,120.2938639
1273,Mapandan,Pangasinan,16.0269118,120.4537476
1274,Natividad,Pangasinan,16.0427467,120.7946807
1275,Pozorrubio,Pangasinan,16.1102814,120.5452288
1276,Rosales,Pangasinan,15.8924255,120.6329883
1277,San Carlos,Pangasinan,15.926773,120.3475584
1278,San Fabian,Pangasinan,16.1221224,120.4032449
1279,San Jacinto,Pangasinan,16.0735396,120.4370716
1280,San Manuel,Pangasinan,16.0643792,120.6681808
1281,San Nicolas,Pangasinan,16.0703505,120.7624714
1282,San Quintin,Pangasinan,15.9843124,120.8131571
1283,Santa Barbara,Pangasinan,15.9999235,120.4051274
1284,Santa Maria,Pangasinan,15.9809907,120.7004137
1285,Santo Tomas,Pangasinan,15.878228,120.5860753
1286,Sison,Pangasinan,16.1726711,120.5096939
1287,Sual,Pangasinan,16.0662224,120.0927615
1288,Tayug,Pangasinan,16.0275524,120.7443637
1289,Umingan,Pangasinan,15.9272139,120.8407438
1290,Urbiztondo,Pangasinan,15.8223901,120.3293751
1291,Urdaneta,Pangasinan,15.9759995,120.5668992
1292,Villasis,Pangasinan,15.9015861,120.5883085
1293,Agdangan,Quezon,13.8759428,121.9141841
1294,Alabat,Quezon,14.1057926,122.0147195
1295,Atimonan,Quezon,13.9989442,121.9208446
1296,Buenavista,Quezon,13.7376773,122.4673918
1297,Burdeos,Quezon,14.842338,121.9689588
1298,Calauag,Quezon,13.9572058,122.287787
1299,Candelaria,Quezon,13.9289015,121.4246794
1300,Catanauan,Quezon,13.5917,122.325
1301,Dolores,Quezon,14.0170009,121.4016469
1302,General Luna,Quezon,13.6881,122.1708
1303,General Nakar,Quezon,14.7636785,121.6352959
1304,Guinayangan,Quezon,13.8963821,122.4521906
1305,Gumaca,Quezon,13.921,122.1002
1306,Infanta,Quezon,14.7469297,121.6495987
1307,Jomalig,Quezon,14.6958792,122.3306656
1308,Lopez,Quezon,13.8825115,122.2611114
1309,Lucban,Quezon,14.114401,121.55486
1310,Lucena,Quezon,13.93,121.62
1311,Macalelon,Quezon,13.7476253,122.1404468
1312,Mauban,Quezon,14.1900544,121.7314732
1313,Mulanay,Quezon,13.5231551,122.4043437
1314,Padre Burgos,Quezon,13.915937,121.8149517
1315,Pagbilao,Quezon,13.9716151,121.6864374
1316,Panukulan,Quezon,14.9337995,121.815067
1317,Patnanungan,Quezon,14.7537047,122.2184319
1318,Perez,Quezon,14.1935057,121.9243637
1319,Pitogo,Quezon,13.783235,122.08779
1320,Plaridel,Quezon,13.9567198,122.0157499
1321,Polillo,Quezon,14.7144608,121.9380942
1322,Quezon,Quezon,14.0067037,122.1827232
1323,Real,Quezon,14.6652194,121.6036941
1324,Sampaloc,Quezon,14.1610171,121.6382843
1325,San Andres,Quezon,13.3230802,122.6759497
1326,San Antonio,Quezon,13.8962195,121.2931059
1327,San Francisco,Quezon,13.3469108,122.5200663
1328,San Narciso,Quezon,13.5656208,122.566514
1329,Sariaya,Quezon,13.97,121.53
1330,Tagkawayan,Quezon,13.9656058,122.5392058
1331,Tayabas,Quezon,14.0263471,121.5918364
1332,Tiaong,Quezon,13.9596673,121.3222989
1333,Unisan,Quezon,13.8393046,121.9763634
1334,Aglipay,Quirino,16.4907744,121.585819
1335,Cabarroguis,Quirino,16.5096214,121.527583
1336,Diffun,Quirino,16.5935291,121.5024247
1337,Maddela,Quirino,16.3402627,121.6831159
1338,Nagtipunan,Quirino,16.2177804,121.6053532
1339,Saguday,Quirino,16.5400855,121.5635618
1340,Angono,Rizal,14.5258481,121.1529683
1341,Antipolo,Rizal,14.5871972,121.1759246
1342,Baras,Rizal,14.5218512,121.2658068
1343,Binangonan,Rizal,14.4647563,121.1923358
1344,Cainta,Rizal,14.5780161,121.1163072
1345,Cardona,Rizal,14.4849786,121.2310927
1346,Jalajala,Rizal,14.3536306,121.3237656
1347,Morong,Rizal,14.5151374,121.2380858
1348,Pililla,Rizal,14.4811791,121.3075948
1349,Rodriguez,Rizal,14.7324746,121.1452701
1350,San Mateo,Rizal,14.6951949,121.1174024
1351,Tanay,Rizal,14.4985359,121.2856331
1352,Taytay,Rizal,14.5706996,121.13202
1353,Teresa,Rizal,14.5588946,121.2079458
1354,Alcantara,Romblon,12.2581899,122.0543489
1355,Banton,Romblon,12.9463072,122.0959766
1356,Cajidiocan,Romblon,12.3687233,122.6865217
1357,Calatrava,Romblon,12.618997,122.0707702
1358,Concepcion,Romblon,12.9146531,121.7201189
1359,Corcuera,Romblon,12.7840784,122.0474912
1360,Ferrol,Romblon,12.3374838,121.9396357
1361,Looc,Romblon,12.2601822,121.9915608
1362,Magdiwang,Romblon,12.4913166,122.5146837
1363,Odiongan,Romblon,12.3999329,121.9818506
1364,Romblon,Romblon,12.5774153,122.2690875
1365,San Agustin,Romblon,12.5682679,122.1339744
1366,San Andres,Romblon,12.5203006,122.0116874
1367,San Fernando,Romblon,12.3027512,122.6005655
1368,San Jose,Romblon,12.0612933,121.9565754
1369,Santa Fe,Romblon,12.1543399,121.9952769
1370,Santa Maria,Romblon,12.3938691,122.0938578
1371,Almagro,Samar,11.9117209,124.2862066
1372,Basey,Samar,11.2799579,125.0692113
1373,Calbayog,Samar,12.0669758,124.5946412
1374,Calbiga,Samar,11.6274469,125.0170454
1375,Catbalogan,Samar,11.7753199,124.8829549
1376,Daram,Samar,11.6349892,124.7957703
1377,Gandara,Samar,12.0132823,124.811448
1378,Hinabangan,Samar,11.7015287,125.0657794
1379,Jiabong,Samar,11.7628314,124.9501866
1380,Marabut,Samar,11.1075864,125.2125372
1381,Matuguinao,Samar,12.1443682,124.885257
1382,Motiong,Samar,11.7782064,124.9986798
1383,Pagsanghan,Samar,11.9653658,124.7212558
1384,Paranas,Samar,11.7716478,125.0225953
1385,Pinabacdao,Samar,11.6134513,124.9836777
1386,San Jorge,Samar,11.9789352,124.8248769
1387,San Jose de Buan,Samar,12.0529566,125.0254897
1388,San Sebastian,Samar,11.7101392,125.0175663
1389,Santa Margarita,Samar,12.0379945,124.6577853
1390,Santa Rita,Samar,11.4513506,124.9408762
1391,Santo Niño,Samar,11.5818125,124.9629018
1392,Tagapul-an,Samar,12.0476212,124.158721
1393,Talalora,Samar,11.5309574,124.835473
1394,Tarangnan,Samar,11.9027186,124.747471
1395,Villareal,Samar,11.5675325,124.9281544
1396,Zumarraga,Samar,11.6381908,124.8403412
1397,Alabel,Sarangani,6.1027828,125.2920305
1398,Glan,Sarangani,5.8225657,125.2047332
1399,Kiamba,Sarangani,5.9879555,124.6241575
1400,Maasim,Sarangani,5.8610055,124.9967013
1401,Maitum,Sarangani,6.0610443,124.4965878
1402,Malapatan,Sarangani,5.9707512,125.2882717
1403,Malungon,Sarangani,6.375677,125.2680723
1404,Enrique Villanueva,Siquijor,9.2762125,123.6471289
1405,Larena,Siquijor,9.2488946,123.5910019
1406,Lazi,Siquijor,9.1280148,123.6336584
1407,Maria,Siquijor,9.1962369,123.6551893
1408,San Juan,Siquijor,9.1583523,123.4934406
1409,Siquijor,Siquijor,9.2155864,123.5138212
1410,Barcelona,Sorsogon,12.8682088,124.1418908
1411,Bulan,Sorsogon,12.6689078,123.8769586
1412,Bulusan,Sorsogon,12.7517375,124.1352434
1413,Casiguran,Sorsogon,12.8719998,124.0067371
1414,Castilla,Sorsogon,12.9539515,123.8751711
1415,Donsol,Sorsogon,12.9077161,123.5986056
1416,Gubat,Sorsogon,12.9176112,124.1231882
1417,Irosin,Sorsogon,12.7038417,124.0320966
1418,Juban,Sorsogon,12.8478899,123.9890815
1419,Magallanes,Sorsogon,12.828538,123.8344127
1420,Matnog,Sorsogon,12.5854588,124.0847727
1421,Pilar,Sorsogon,12.9235719,123.675399
1422,Prieto Diaz,Sorsogon,13.0404252,124.1935375
1423,Santa Magdalena,Sorsogon,12.6463261,124.1079114
1424,Sorsogon City,Sorsogon,12.9707848,124.0052543
1425,Banga,South Cotabato,6.4232286,124.7761628
1426,General Santos,South Cotabato,6.1122217,125.1721893
1427,Koronadal,South Cotabato,6.5004067,124.8435427
1428,Lake Sebu,South Cotabato,6.2259996,124.7115688
1429,Norala,South Cotabato,6.5212891,124.6604473
1430,Polomolok,South Cotabato,6.2202374,125.0628101
1431,Santo Niño,South Cotabato,6.427948,124.680538
1432,Surallah,South Cotabato,6.375125,124.747503
1433,T'Boli,South Cotabato,6.2138317,124.8229251
1434,Tampakan,South Cotabato,6.4437607,124.9269132
1435,Tantangan,South Cotabato,6.6191395,124.748923
1436,Tupi,South Cotabato,6.3313349,124.9511647
1437,Anahawan,Southern Leyte,10.2962342,124.9658046
1438,Bontoc,Southern Leyte,10.3559982,124.9693013
1439,Hinunangan,Southern Leyte,10.3940404,125.2001942
1440,Hinundayan,Southern Leyte,10.3513466,125.2529731
1441,Libagon,Southern Leyte,10.2962647,125.0509042
1442,Liloan,Southern Leyte,10.1563177,125.117794
1443,Limasawa,Southern Leyte,9.9251181,125.0740924
1444,Maasin,Southern Leyte,10.1325061,124.8385147
1445,Macrohon,Southern Leyte,10.0766352,124.9401658
1446,Malitbog,Southern Leyte,10.16,124.9991671
1447,Padre Burgos,Southern Leyte,10.0305246,125.0169925
1448,Pintuyan,Southern Leyte,9.9443671,125.2489771
1449,Saint Bernard,Southern Leyte,10.2794927,125.1394863
1450,San Francisco,Southern Leyte,10.0563138,125.1580978
1451,San Juan,Southern Leyte,10.2629046,125.1729016
1452,San Ricardo,Southern Leyte,9.9139621,125.2764986
1453,Silago,Southern Leyte,10.5285405,125.1623205
1454,Sogod,Southern Leyte,10.384588,124.9808027
1455,Tomas Oppus,Southern Leyte,10.3050067,124.9795399
1456,Bagumbayan,Sultan Kudarat,6.5334125,124.5637805
1457,Columbio,Sultan Kudarat,6.6850678,124.9614497
1458,Esperanza,Sultan Kudarat,6.722561,124.5205706
1459,Isulan,Sultan Kudarat,6.6340869,124.5971379
1460,Kalamansig,Sultan Kudarat,6.5545839,124.050599
1461,Lambayong,Sultan Kudarat,6.7985631,124.6345922
1462,Lebak,Sultan Kudarat,6.6336717,124.0657013
1463,Lutayan,Sultan Kudarat,6.5597164,124.8581111
1464,Palimbang,Sultan Kudarat,6.2102983,124.1883549
1465,President Quirino,Sultan Kudarat,6.7002854,124.7381005
1466,Senator Ninoy Aquino,Sultan Kudarat,6.4596414,124.3221058
1467,Tacurong,Sultan Kudarat,6.6884368,124.6786576
1468,Banguingui,Sulu,6.0710519,121.7848726
1469,Hadji Panglima Tahil,Sulu,6.1105436,120.9665742
1470,Indanan,Sulu,5.9728882,120.9702286
1471,Jolo,Sulu,6.0536561,121.0002644
1472,Kalingalan Caluang,Sulu,5.8890311,121.30945
1473,Lugus,Sulu,5.7020738,120.8189755
1474,Luuk,Sulu,5.9669431,121.3128353
1475,Maimbung,Sulu,5.9554387,121.0171515
1476,Omar,Sulu,6.0097573,121.3846272
1477,Panamao,Sulu,5.9818846,121.2140628
1478,Pandami,Sulu,5.541792,120.8013302
1479,Panglima Estino,Sulu,5.9569779,121.1958214
1480,Pangutaran,Sulu,6.3041267,120.5718076
1481,Parang,Sulu,5.9138656,120.9069555
1482,Pata,Sulu,5.8457184,121.1445068
1483,Patikul,Sulu,6.0886509,121.1070509
1484,Siasi,Sulu,5.5451683,120.8151131
1485,Talipao,Sulu,5.9762265,121.1146071
1486,Tapul,Sulu,5.7051707,120.8818507
1487,Alegria,Surigao del Norte,9.4642197,125.576103
1488,Bacuag,Surigao del Norte,9.6084227,125.6382344
1489,Burgos,Surigao del Norte,10.0181311,126.0742822
1490,Claver,Surigao del Norte,9.5730277,125.7326841
1491,Dapa,Surigao del Norte,9.7546212,126.0516095
1492,Del Carmen,Surigao del Norte,9.8687641,125.9705006
1493,General Luna,Surigao del Norte,9.7825056,126.1565535
1494,Gigaquit,Surigao del Norte,9.5958188,125.697637
1495,Mainit,Surigao del Norte,9.537827,125.5225869
1496,Malimono,Surigao del Norte,9.6182968,125.401648
1497,Pilar,Surigao del Norte,9.8640525,126.1003296
1498,Placer,Surigao del Norte,9.6573961,125.6015055
1499,San Benito,Surigao del Norte,9.9584758,126.0060276
1500,San Francisco,Surigao del Norte,9.7785695,125.4219894
1501,San Isidro,Surigao del Norte,9.9365296,126.0869689
1502,Santa Monica,Surigao del Norte,10.0188427,126.0364378
1503,Sison,Surigao del Norte,9.6589559,125.5269216
1504,Socorro,Surigao del Norte,9.6183104,125.9650671
1505,Surigao City,Surigao del Norte,9.7905028,125.4935697
1506,Tagana-an,Surigao del Norte,9.6973759,125.5826923
1507,Tubod,Surigao del Norte,9.5551416,125.5696945
1508,Barobo,Surigao del Sur,8.5365118,126.1206907
1509,Bayabas,Surigao del Sur,8.9674102,126.2828165
1510,Bislig,Surigao del Sur,8.2130815,126.3156173
1511,Cagwait,Surigao del Sur,8.9182742,126.2982546
1512,Cantilan,Surigao del Sur,9.3357754,125.9770212
1513,Carmen,Surigao del Sur,9.230898,126.015255
1514,Carrascal,Surigao del Sur,9.3688403,125.9495398
1515,Cortes,Surigao del Sur,9.2755786,126.1908659
1516,Hinatuan,Surigao del Sur,8.3656147,126.3358067
1517,Lanuza,Surigao del Sur,9.233675,126.0603779
1518,Lianga,Surigao del Sur,8.6330237,126.0934758
1519,Lingig,Surigao del Sur,8.0383384,126.4122956
1520,Madrid,Surigao del Sur,9.2617815,125.9637534
1521,Marihatag,Surigao del Sur,8.8005575,126.2985386
1522,San Agustin,Surigao del Sur,8.7432343,126.2212765
1523,San Miguel,Surigao del Sur,8.932061,126.038559
1524,Tagbina,Surigao del Sur,8.4573568,126.1590719
1525,Tago,Surigao del Sur,9.0194997,126.2331544
1526,Tandag,Surigao del Sur,9.0799833,126.1974606
1527,Anao,Tarlac,15.7286873,120.6266345
1528,Bamban,Tarlac,15.2733238,120.5672692
1529,Camiling,Tarlac,15.6864622,120.414656
1530,Capas,Tarlac,15.3360344,120.589583
1531,Concepcion,Tarlac,15.3248528,120.6553857
1532,Gerona,Tarlac,15.6069315,120.5985733
1533,La Paz,Tarlac,15.4411139,120.7288994
1534,Mayantoc,Tarlac,15.6192819,120.3779681
1535,Moncada,Tarlac,15.7336884,120.5726987
1536,Paniqui,Tarlac,15.6686544,120.5858177
1537,Pura,Tarlac,15.6236937,120.6469386
1538,Ramos,Tarlac,15.6658597,120.6397227
1539,San Clemente,Tarlac,15.7121894,120.3602164
1540,San Jose,Tarlac,15.4775949,120.4639721
1541,San Manuel,Tarlac,15.7992317,120.6073025
1542,Santa Ignacia,Tarlac,15.6161567,120.4359327
1543,Tarlac City,Tarlac,15.4861218,120.5893473
1544,Victoria,Tarlac,15.5770813,120.6812475
1545,Bongao,Tawi-Tawi,5.0289741,119.7713119
1546,Languyan,Tawi-Tawi,5.2675824,120.0787785
1547,Mapun,Tawi-Tawi,6.9753153,118.513887
1548,Panglima Sugala,Tawi-Tawi,5.0722433,119.8842215
1549,Sapa-Sapa,Tawi-Tawi,5.0901662,120.2733204
1550,Sibutu,Tawi-Tawi,4.8408032,119.458997
1551,Simunul,Tawi-Tawi,4.8980374,119.8218352
1552,Sitangkai,Tawi-Tawi,4.6625499,119.3938939
1553,South Ubian,Tawi-Tawi,5.1873927,120.4955419
1554,Tandubas,Tawi-Tawi,5.1349924,120.3460023
1555,Turtle Islands,Tawi-Tawi,6.0731504,118.3125904
1556,Botolan,Zambales,15.2889971,120.0247358
1557,Cabangan,Zambales,15.1589463,120.0554631
1558,Candelaria,Zambales,15.6271348,119.9301322
1559,Castillejos,Zambales,14.9320671,120.2005402
1560,Iba,Zambales,15.3264614,119.9801043
1561,Masinloc,Zambales,15.5386413,119.9496856
1562,Olongapo,Zambales,14.8314675,120.2835205
1563,Palauig,Zambales,15.4334062,119.9099993
1564,San Antonio,Zambales,14.9488214,120.0889405
1565,San Felipe,Zambales,15.0610588,120.0702767
1566,San Marcelino,Zambales,14.97381,120.1562867
1567,San Narciso,Zambales,15.0155166,120.0793689
1568,Santa Cruz,Zambales,15.7626076,119.910005
1569,Subic,Zambales,14.8774796,120.2344695
1570,Baliguian,Zamboanga del Norte,7.8097453,122.1451356
1571,Dapitan,Zamboanga del Norte,8.6549449,123.4243754
1572,Dipolog,Zamboanga del Norte,8.5864062,123.3449371
1573,Godod,Zamboanga del Norte,8.0019148,122.8438815
1574,Gutalac,Zamboanga del Norte,7.9810244,122.4052042
1575,Jose Dalman,Zamboanga del Norte,8.4412535,123.0229487
1576,Kalawit,Zamboanga del Norte,7.9064472,122.5256202
1577,Katipunan,Zamboanga del Norte,8.5124998,123.2846423
1578,La Libertad,Zamboanga del Norte,8.4685946,123.5257405
1579,Labason,Zamboanga del Norte,8.064547,122.5244826
1580,Leon B. Postigo,Zamboanga del Norte,8.1503068,122.9242811
1581,Liloy,Zamboanga del Norte,8.1215661,122.6737425
1582,Manukan,Zamboanga del Norte,8.5157792,123.0942844
1583,Mutia,Zamboanga del Norte,8.4200174,123.4762768
1584,Piñan,Zamboanga del Norte,8.4816541,123.4507182
1585,Polanco,Zamboanga del Norte,8.531082,123.3629972
1586,Rizal,Zamboanga del Norte,8.5247536,123.5513072
1587,Roxas,Zamboanga del Norte,8.5203666,123.2309705
1588,Salug,Zamboanga del Norte,8.1074204,122.7576885
1589,Sergio Osmeña,Zamboanga del Norte,8.2956667,123.5082447
1590,Siayan,Zamboanga del Norte,8.2513869,123.1142638
1591,Sibuco,Zamboanga del Norte,7.2924807,122.0667351
1592,Sibutad,Zamboanga del Norte,8.6126898,123.4801814
1593,Sindangan,Zamboanga del Norte,8.2373562,122.9986125
1594,Siocon,Zamboanga del Norte,7.7064072,122.1359108
1595,Sirawai,Zamboanga del Norte,7.5854362,122.1407041
1596,Tampilisan,Zamboanga del Norte,7.9759459,122.6638655
1597,Aurora,Zamboanga del Sur,7.948973,123.5823433
1598,Bayog,Zamboanga del Sur,7.8489242,123.0439278
1599,Dimataling,Zamboanga del Sur,7.5284648,123.3648382
1600,Dinas,Zamboanga del Sur,7.6156062,123.337686
1601,Dumalinao,Zamboanga del Sur,7.8173115,123.3626378
1602,Dumingag,Zamboanga del Sur,8.1544879,123.3448435
1603,Guipos,Zamboanga del Sur,7.732157,123.3224501
1604,Josefina,Zamboanga del Sur,8.2148124,123.5436197
1605,Kumalarang,Zamboanga del Sur,7.7471173,123.1442279
1606,Labangan,Zamboanga del Sur,7.8633445,123.5153101
1607,Lakewood,Zamboanga del Sur,7.8522464,123.1556791
1608,Lapuyan,Zamboanga del Sur,7.6320932,123.1916118
1609,Mahayag,Zamboanga del Sur,8.129548,123.4378612
1610,Margosatubig,Zamboanga del Sur,7.5765795,123.1689932
1611,Midsalip,Zamboanga del Sur,8.0307675,123.3171861
1612,Molave,Zamboanga del Sur,8.0927689,123.4849176
1613,Pagadian,Zamboanga del Sur,7.8249717,123.4365816
1614,Pitogo,Zamboanga del Sur,7.4531641,123.3126544
1615,Ramon Magsaysay,Zamboanga del Sur,8.0054675,123.4867943
1616,San Miguel,Zamboanga del Sur,7.6483033,123.2676131
1617,San Pablo,Zamboanga del Sur,7.6579737,123.4578657
1618,Sominot,Zamboanga del Sur,8.0412053,123.3828885
1619,Tabina,Zamboanga del Sur,7.4632266,123.4091717
1620,Tambulig,Zamboanga del Sur,8.0692761,123.536314
1621,Tigbao,Zamboanga del Sur,7.8210479,123.227385
1622,Tukuran,Zamboanga del Sur,7.8539377,123.5800322
1623,Vincenzo A. Sagun,Zamboanga del Sur,7.5150492,123.1708909
1624,Zamboanga City,Zamboanga del Sur,6.9042,122.0761
1625,Alicia,Zamboanga Sibugay,7.5068225,122.9404288
1626,Buug,Zamboanga Sibugay,7.7228615,123.0579823
1627,Diplahan,Zamboanga Sibugay,7.689296,122.9848938
1628,Imelda,Zamboanga Sibugay,7.6419191,122.9357772
1629,Ipil,Zamboanga Sibugay,7.7825104,122.5869172
1630,Kabasalan,Zamboanga Sibugay,7.7974574,122.7619459
1631,Mabuhay,Zamboanga Sibugay,7.4173048,122.835509
1632,Malangas,Zamboanga Sibugay,7.6321118,123.0303669
1633,Naga,Zamboanga Sibugay,7.7953039,122.6942596
1634,Olutanga,Zamboanga Sibugay,7.311007,122.8446393
1635,Payao,Zamboanga Sibugay,7.5872537,122.8018635
1636,Roseller Lim,Zamboanga Sibugay,7.6563848,122.4631545
1637,Siay,Zamboanga Sibugay,7.7055826,122.8642003
1638,Talusan,Zamboanga Sibugay,7.4260911,122.8090821
1639,Titay,Zamboanga Sibugay,7.8692108,122.5607307
1640,Tungawan,Zamboanga Sibugay,7.6032499,122.4224569
