,Date,Municipality,Latitude,Longitude,NewCases,Deaths,Recoveries
0,2023-04-20,SAN MIGUEL,13.6403293,124.3031092,2.0,0.0,0.0
1,2023-04-28,SAN MIGUEL,13.6403293,124.3031092,1.0,0.0,2.0
2,2023-05-07,SAN MIGUEL,13.6403293,124.3031092,1.0,0.0,0.0
3,2023-05-14,SAN MIGUEL,13.6403293,124.3031092,4.0,0.0,0.0
4,2023-05-19,SAN MIGUEL,13.6403293,124.3031092,2.0,0.0,0.0
5,2023-05-21,SAN MIGUEL,13.6403293,124.3031092,5.0,0.0,0.0
6,2023-05-22,SAN MIGUEL,13.6403293,124.3031092,1.0,0.0,1.0
7,2023-05-28,SAN MIGUEL,13.6403293,124.3031092,3.0,0.0,1.0
8,2023-06-04,SAN MIGUEL,13.6403293,124.3031092,2.0,0.0,0.0
9,2023-06-12,SAN MIGUEL,13.6403293,124.3031092,1.0,0.0,0.0
10,2023-08-20,SAN MIGUEL,13.6403293,124.3031092,1.0,0.0,0.0
11,2023-08-26,SAN MIGUEL,13.6403293,124.3031092,1.0,0.0,0.0
12,2020-06-06,SAN MIGUEL,13.6403293,124.3031092,1.0,0.0,0.0
13,2020-09-10,SAN MIGUEL,13.6403293,124.3031092,1.0,0.0,0.0
14,2020-09-24,SAN MIGUEL,13.6403293,124.3031092,1.0,0.0,0.0
15,2020-10-20,SAN MIGUEL,13.6403293,124.3031092,1.0,0.0,0.0
16,2021-01-14,SAN MIGUEL,13.6403293,124.3031092,1.0,0.0,0.0
17,2021-02-01,SAN MIGUEL,13.6403293,124.3031092,1.0,0.0,0.0
18,2021-04-05,SAN MIGUEL,13.6403293,124.3031092,1.0,0.0,0.0
19,2021-04-08,SAN MIGUEL,13.6403293,124.3031092,1.0,0.0,0.0
20,2021-04-10,SAN MIGUEL,13.6403293,124.3031092,1.0,0.0,0.0
21,2021-05-09,SAN MIGUEL,13.6403293,124.3031092,1.0,0.0,0.0
22,2021-05-17,SAN MIGUEL,13.6403293,124.3031092,1.0,0.0,1.0
23,2021-05-20,SAN MIGUEL,13.6403293,124.3031092,1.0,0.0,0.0
24,2021-05-24,SAN MIGUEL,13.6403293,124.3031092,1.0,0.0,0.0
25,2021-05-25,SAN MIGUEL,13.6403293,124.3031092,4.0,0.0,0.0
26,2021-05-29,SAN MIGUEL,13.6403293,124.3031092,1.0,0.0,1.0
27,2021-05-31,SAN MIGUEL,13.6403293,124.3031092,1.0,0.0,0.0
28,2021-06-17,SAN MIGUEL,13.6403293,124.3031092,1.0,0.0,0.0
29,2021-06-25,SAN MIGUEL,13.6403293,124.3031092,1.0,0.0,0.0
30,2021-06-26,SAN MIGUEL,13.6403293,124.3031092,1.0,0.0,1.0
31,2021-06-27,SAN MIGUEL,13.6403293,124.3031092,1.0,0.0,0.0
32,2021-06-28,SAN MIGUEL,13.6403293,124.3031092,2.0,0.0,0.0
33,2021-07-05,SAN MIGUEL,13.6403293,124.3031092,3.0,0.0,0.0
34,2021-07-08,SAN MIGUEL,13.6403293,124.3031092,3.0,0.0,0.0
35,2021-07-09,SAN MIGUEL,13.6403293,124.3031092,2.0,0.0,0.0
36,2021-07-10,SAN MIGUEL,13.6403293,124.3031092,4.0,0.0,0.0
37,2021-07-12,SAN MIGUEL,13.6403293,124.3031092,1.0,0.0,0.0
38,2021-07-18,SAN MIGUEL,13.6403293,124.3031092,5.0,0.0,2.0
39,2021-07-31,SAN MIGUEL,13.6403293,124.3031092,1.0,0.0,0.0
40,2021-08-07,SAN MIGUEL,13.6403293,124.3031092,2.0,0.0,0.0
41,2021-08-09,SAN MIGUEL,13.6403293,124.3031092,1.0,0.0,1.0
42,2021-08-19,SAN MIGUEL,13.6403293,124.3031092,1.0,0.0,0.0
43,2021-08-23,SAN MIGUEL,13.6403293,124.3031092,2.0,0.0,0.0
44,2021-08-30,SAN MIGUEL,13.6403293,124.3031092,1.0,0.0,0.0
45,2021-09-03,SAN MIGUEL,13.6403293,124.3031092,2.0,0.0,0.0
46,2021-09-04,SAN MIGUEL,13.6403293,124.3031092,2.0,0.0,0.0
47,2021-09-06,SAN MIGUEL,13.6403293,124.3031092,1.0,0.0,0.0
48,2021-09-09,SAN MIGUEL,13.6403293,124.3031092,6.0,0.0,1.0
49,2021-09-11,SAN MIGUEL,13.6403293,124.3031092,1.0,0.0,0.0
50,2021-09-12,SAN MIGUEL,13.6403293,124.3031092,4.0,0.0,1.0
51,2021-09-16,SAN MIGUEL,13.6403293,124.3031092,4.0,0.0,0.0
52,2021-09-18,SAN MIGUEL,13.6403293,124.3031092,3.0,0.0,7.0
53,2021-09-23,SAN MIGUEL,13.6403293,124.3031092,9.0,0.0,0.0
54,2021-09-24,SAN MIGUEL,13.6403293,124.3031092,3.0,0.0,0.0
55,2021-09-30,SAN MIGUEL,13.6403293,124.3031092,2.0,0.0,0.0
56,2021-10-06,SAN MIGUEL,13.6403293,124.3031092,1.0,0.0,0.0
57,2021-10-08,SAN MIGUEL,13.6403293,124.3031092,4.0,0.0,0.0
58,2021-10-10,SAN MIGUEL,13.6403293,124.3031092,3.0,0.0,0.0
59,2021-10-11,SAN MIGUEL,13.6403293,124.3031092,4.0,0.0,0.0
60,2021-10-13,SAN MIGUEL,13.6403293,124.3031092,1.0,0.0,0.0
61,2021-10-15,SAN MIGUEL,13.6403293,124.3031092,5.0,0.0,1.0
62,2021-10-18,SAN MIGUEL,13.6403293,124.3031092,5.0,0.0,3.0
63,2021-10-20,SAN MIGUEL,13.6403293,124.3031092,2.0,0.0,0.0
64,2021-10-21,SAN MIGUEL,13.6403293,124.3031092,2.0,0.0,0.0
65,2021-10-22,SAN MIGUEL,13.6403293,124.3031092,2.0,0.0,0.0
66,2021-10-24,SAN MIGUEL,13.6403293,124.3031092,3.0,0.0,5.0
67,2021-10-25,SAN MIGUEL,13.6403293,124.3031092,3.0,0.0,0.0
68,2021-10-28,SAN MIGUEL,13.6403293,124.3031092,4.0,0.0,0.0
69,2021-10-29,SAN MIGUEL,13.6403293,124.3031092,1.0,0.0,0.0
70,2021-10-30,SAN MIGUEL,13.6403293,124.3031092,4.0,0.0,4.0
71,2021-10-31,SAN MIGUEL,13.6403293,124.3031092,3.0,0.0,2.0
72,2021-11-01,SAN MIGUEL,13.6403293,124.3031092,2.0,0.0,0.0
73,2021-11-02,SAN MIGUEL,13.6403293,124.3031092,2.0,0.0,3.0
74,2021-11-05,SAN MIGUEL,13.6403293,124.3031092,1.0,0.0,0.0
75,2021-11-06,SAN MIGUEL,13.6403293,124.3031092,3.0,0.0,4.0
76,2021-11-08,SAN MIGUEL,13.6403293,124.3031092,1.0,0.0,5.0
77,2021-11-11,SAN MIGUEL,13.6403293,124.3031092,1.0,0.0,2.0
78,2021-11-13,SAN MIGUEL,13.6403293,124.3031092,1.0,0.0,0.0
79,2021-11-14,SAN MIGUEL,13.6403293,124.3031092,1.0,0.0,1.0
80,2021-11-18,SAN MIGUEL,13.6403293,124.3031092,2.0,0.0,0.0
81,2022-01-07,SAN MIGUEL,13.6403293,124.3031092,1.0,0.0,0.0
82,2022-01-12,SAN MIGUEL,13.6403293,124.3031092,1.0,0.0,0.0
83,2022-01-13,SAN MIGUEL,13.6403293,124.3031092,1.0,0.0,0.0
84,2022-01-14,SAN MIGUEL,13.6403293,124.3031092,1.0,0.0,0.0
85,2022-01-15,SAN MIGUEL,13.6403293,124.3031092,1.0,0.0,0.0
86,2022-01-17,SAN MIGUEL,13.6403293,124.3031092,1.0,0.0,1.0
87,2022-01-21,SAN MIGUEL,13.6403293,124.3031092,2.0,0.0,0.0
88,2022-01-24,SAN MIGUEL,13.6403293,124.3031092,3.0,0.0,1.0
89,2022-01-26,SAN MIGUEL,13.6403293,124.3031092,2.0,0.0,1.0
90,2022-01-27,SAN MIGUEL,13.6403293,124.3031092,1.0,0.0,0.0
91,2022-01-29,SAN MIGUEL,13.6403293,124.3031092,1.0,0.0,0.0
92,2022-01-30,SAN MIGUEL,13.6403293,124.3031092,3.0,0.0,2.0
93,2022-02-03,SAN MIGUEL,13.6403293,124.3031092,1.0,0.0,0.0
94,2022-02-04,SAN MIGUEL,13.6403293,124.3031092,3.0,0.0,0.0
95,2022-02-05,SAN MIGUEL,13.6403293,124.3031092,1.0,0.0,3.0
96,2022-02-07,SAN MIGUEL,13.6403293,124.3031092,1.0,0.0,0.0
97,2022-07-02,SAN MIGUEL,13.6403293,124.3031092,1.0,0.0,1.0
98,2022-07-07,SAN MIGUEL,13.6403293,124.3031092,1.0,0.0,0.0
99,2022-07-08,SAN MIGUEL,13.6403293,124.3031092,1.0,0.0,0.0
100,2022-07-15,SAN MIGUEL,13.6403293,124.3031092,1.0,0.0,0.0
101,2022-07-16,SAN MIGUEL,13.6403293,124.3031092,2.0,0.0,0.0
102,2022-07-24,SAN MIGUEL,13.6403293,124.3031092,2.0,0.0,0.0
103,2022-08-03,SAN MIGUEL,13.6403293,124.3031092,1.0,0.0,0.0
104,2022-08-04,SAN MIGUEL,13.6403293,124.3031092,1.0,0.0,0.0
105,2022-08-17,SAN MIGUEL,13.6403293,124.3031092,1.0,0.0,0.0
106,2022-08-23,SAN MIGUEL,13.6403293,124.3031092,0.0,1.0,0.0
107,2023-05-01,SAN MIGUEL,13.6403293,124.3031092,0.0,0.0,1.0
108,2023-05-16,SAN MIGUEL,13.6403293,124.3031092,0.0,0.0,1.0
109,2023-05-23,SAN MIGUEL,13.6403293,124.3031092,0.0,0.0,3.0
110,2023-05-27,SAN MIGUEL,13.6403293,124.3031092,0.0,0.0,1.0
111,2023-05-30,SAN MIGUEL,13.6403293,124.3031092,0.0,0.0,6.0
112,2023-06-05,SAN MIGUEL,13.6403293,124.3031092,0.0,0.0,2.0
113,2023-06-06,SAN MIGUEL,13.6403293,124.3031092,0.0,0.0,1.0
114,2023-06-13,SAN MIGUEL,13.6403293,124.3031092,0.0,0.0,2.0
115,2023-06-20,SAN MIGUEL,13.6403293,124.3031092,0.0,0.0,1.0
116,2023-08-28,SAN MIGUEL,13.6403293,124.3031092,0.0,0.0,1.0
117,2023-09-03,SAN MIGUEL,13.6403293,124.3031092,0.0,0.0,1.0
118,2020-07-16,SAN MIGUEL,13.6403293,124.3031092,0.0,0.0,1.0
119,2020-09-20,SAN MIGUEL,13.6403293,124.3031092,0.0,0.0,1.0
120,2020-10-11,SAN MIGUEL,13.6403293,124.3031092,0.0,0.0,1.0
121,2020-11-08,SAN MIGUEL,13.6403293,124.3031092,0.0,0.0,1.0
122,2021-01-24,SAN MIGUEL,13.6403293,124.3031092,0.0,0.0,1.0
123,2021-02-21,SAN MIGUEL,13.6403293,124.3031092,0.0,0.0,1.0
124,2021-04-19,SAN MIGUEL,13.6403293,124.3031092,0.0,0.0,1.0
125,2021-04-22,SAN MIGUEL,13.6403293,124.3031092,0.0,0.0,1.0
126,2021-04-23,SAN MIGUEL,13.6403293,124.3031092,0.0,0.0,1.0
127,2021-05-26,SAN MIGUEL,13.6403293,124.3031092,0.0,0.0,1.0
128,2021-06-01,SAN MIGUEL,13.6403293,124.3031092,0.0,0.0,1.0
129,2021-06-02,SAN MIGUEL,13.6403293,124.3031092,0.0,0.0,4.0
130,2021-06-09,SAN MIGUEL,13.6403293,124.3031092,0.0,0.0,1.0
131,2021-06-10,SAN MIGUEL,13.6403293,124.3031092,0.0,0.0,1.0
132,2021-07-04,SAN MIGUEL,13.6403293,124.3031092,0.0,0.0,1.0
133,2021-07-06,SAN MIGUEL,13.6403293,124.3031092,0.0,0.0,1.0
134,2021-07-07,SAN MIGUEL,13.6403293,124.3031092,0.0,0.0,3.0
135,2021-07-14,SAN MIGUEL,13.6403293,124.3031092,0.0,0.0,3.0
136,2021-07-17,SAN MIGUEL,13.6403293,124.3031092,0.0,0.0,3.0
137,2021-07-19,SAN MIGUEL,13.6403293,124.3031092,0.0,0.0,4.0
138,2021-07-21,SAN MIGUEL,13.6403293,124.3031092,0.0,0.0,1.0
139,2021-07-27,SAN MIGUEL,13.6403293,124.3031092,0.0,0.0,5.0
140,2021-08-15,SAN MIGUEL,13.6403293,124.3031092,0.0,0.0,1.0
141,2021-08-16,SAN MIGUEL,13.6403293,124.3031092,0.0,0.0,1.0
142,2021-08-18,SAN MIGUEL,13.6403293,124.3031092,0.0,0.0,1.0
143,2021-08-28,SAN MIGUEL,13.6403293,124.3031092,0.0,0.0,1.0
144,2021-09-01,SAN MIGUEL,13.6403293,124.3031092,0.0,0.0,2.0
145,2021-09-13,SAN MIGUEL,13.6403293,124.3031092,0.0,0.0,2.0
146,2021-09-15,SAN MIGUEL,13.6403293,124.3031092,0.0,0.0,1.0
147,2021-09-21,SAN MIGUEL,13.6403293,124.3031092,0.0,0.0,4.0
148,2021-09-25,SAN MIGUEL,13.6403293,124.3031092,0.0,0.0,4.0
149,2021-09-27,SAN MIGUEL,13.6403293,124.3031092,0.0,0.0,3.0
150,2021-10-01,SAN MIGUEL,13.6403293,124.3031092,0.0,0.0,9.0
151,2021-10-03,SAN MIGUEL,13.6403293,124.3031092,0.0,0.0,3.0
152,2021-10-09,SAN MIGUEL,13.6403293,124.3031092,0.0,0.0,2.0
153,2021-10-12,SAN MIGUEL,13.6403293,124.3031092,0.0,0.0,1.0
154,2021-10-17,SAN MIGUEL,13.6403293,124.3031092,0.0,0.0,4.0
155,2021-10-19,SAN MIGUEL,13.6403293,124.3031092,0.0,0.0,4.0
156,2021-10-23,SAN MIGUEL,13.6403293,124.3031092,0.0,0.0,1.0
157,2021-10-27,SAN MIGUEL,13.6403293,124.3031092,0.0,0.0,5.0
158,2021-11-03,SAN MIGUEL,13.6403293,124.3031092,0.0,0.0,3.0
159,2021-11-09,SAN MIGUEL,13.6403293,124.3031092,0.0,0.0,3.0
160,2021-11-10,SAN MIGUEL,13.6403293,124.3031092,0.0,0.0,2.0
161,2021-11-15,SAN MIGUEL,13.6403293,124.3031092,0.0,0.0,3.0
162,2021-11-17,SAN MIGUEL,13.6403293,124.3031092,0.0,0.0,1.0
163,2021-11-20,SAN MIGUEL,13.6403293,124.3031092,0.0,0.0,1.0
164,2021-11-22,SAN MIGUEL,13.6403293,124.3031092,0.0,0.0,2.0
165,2021-11-26,SAN MIGUEL,13.6403293,124.3031092,0.0,0.0,2.0
166,2022-01-22,SAN MIGUEL,13.6403293,124.3031092,0.0,0.0,2.0
167,2022-01-23,SAN MIGUEL,13.6403293,124.3031092,0.0,0.0,1.0
168,2022-02-02,SAN MIGUEL,13.6403293,124.3031092,0.0,0.0,3.0
169,2022-02-08,SAN MIGUEL,13.6403293,124.3031092,0.0,0.0,1.0
170,2022-02-09,SAN MIGUEL,13.6403293,124.3031092,0.0,0.0,3.0
171,2022-02-14,SAN MIGUEL,13.6403293,124.3031092,0.0,0.0,4.0
172,2022-02-16,SAN MIGUEL,13.6403293,124.3031092,0.0,0.0,1.0
173,2022-07-17,SAN MIGUEL,13.6403293,124.3031092,0.0,0.0,2.0
174,2022-07-25,SAN MIGUEL,13.6403293,124.3031092,0.0,0.0,3.0
175,2022-08-02,SAN MIGUEL,13.6403293,124.3031092,0.0,0.0,2.0
176,2022-08-11,SAN MIGUEL,13.6403293,124.3031092,0.0,0.0,1.0
177,2022-08-13,SAN MIGUEL,13.6403293,124.3031092,0.0,0.0,1.0
178,2022-08-27,SAN MIGUEL,13.6403293,124.3031092,0.0,0.0,1.0
179,2023-05-12,BAGAMANOC,13.9396368,124.2878298,1.0,0.0,0.0
180,2023-05-29,BAGAMANOC,13.9396368,124.2878298,1.0,0.0,0.0
181,2023-06-03,BAGAMANOC,13.9396368,124.2878298,2.0,0.0,0.0
182,2020-06-22,BAGAMANOC,13.9396368,124.2878298,1.0,0.0,0.0
183,2020-07-25,BAGAMANOC,13.9396368,124.2878298,1.0,0.0,0.0
184,2020-08-09,BAGAMANOC,13.9396368,124.2878298,1.0,0.0,0.0
185,2020-10-19,BAGAMANOC,13.9396368,124.2878298,1.0,0.0,0.0
186,2020-10-20,BAGAMANOC,13.9396368,124.2878298,1.0,0.0,0.0
187,2021-03-04,BAGAMANOC,13.9396368,124.2878298,1.0,0.0,0.0
188,2021-04-19,BAGAMANOC,13.9396368,124.2878298,1.0,0.0,0.0
189,2021-04-25,BAGAMANOC,13.9396368,124.2878298,4.0,0.0,0.0
190,2021-04-27,BAGAMANOC,13.9396368,124.2878298,2.0,0.0,0.0
191,2021-04-29,BAGAMANOC,13.9396368,124.2878298,4.0,0.0,0.0
192,2021-05-02,BAGAMANOC,13.9396368,124.2878298,1.0,0.0,0.0
193,2021-05-06,BAGAMANOC,13.9396368,124.2878298,1.0,0.0,0.0
194,2021-05-09,BAGAMANOC,13.9396368,124.2878298,2.0,0.0,0.0
195,2021-06-19,BAGAMANOC,13.9396368,124.2878298,1.0,0.0,0.0
196,2021-06-21,BAGAMANOC,13.9396368,124.2878298,2.0,0.0,0.0
197,2021-06-24,BAGAMANOC,13.9396368,124.2878298,4.0,0.0,0.0
198,2021-06-25,BAGAMANOC,13.9396368,124.2878298,5.0,0.0,0.0
199,2021-06-27,BAGAMANOC,13.9396368,124.2878298,2.0,0.0,0.0
200,2021-07-01,BAGAMANOC,13.9396368,124.2878298,6.0,0.0,0.0
201,2021-07-03,BAGAMANOC,13.9396368,124.2878298,1.0,0.0,4.0
202,2021-07-05,BAGAMANOC,13.9396368,124.2878298,4.0,0.0,0.0
203,2021-07-08,BAGAMANOC,13.9396368,124.2878298,4.0,0.0,0.0
204,2021-07-16,BAGAMANOC,13.9396368,124.2878298,3.0,0.0,0.0
205,2021-07-17,BAGAMANOC,13.9396368,124.2878298,1.0,0.0,4.0
206,2021-07-21,BAGAMANOC,13.9396368,124.2878298,1.0,0.0,0.0
207,2021-07-22,BAGAMANOC,13.9396368,124.2878298,3.0,0.0,0.0
208,2021-07-24,BAGAMANOC,13.9396368,124.2878298,1.0,0.0,0.0
209,2021-07-25,BAGAMANOC,13.9396368,124.2878298,3.0,0.0,3.0
210,2021-07-26,BAGAMANOC,13.9396368,124.2878298,4.0,0.0,0.0
211,2021-07-29,BAGAMANOC,13.9396368,124.2878298,4.0,0.0,0.0
212,2021-07-31,BAGAMANOC,13.9396368,124.2878298,2.0,0.0,4.0
213,2021-08-02,BAGAMANOC,13.9396368,124.2878298,1.0,0.0,1.0
214,2021-08-05,BAGAMANOC,13.9396368,124.2878298,4.0,0.0,0.0
215,2021-08-06,BAGAMANOC,13.9396368,124.2878298,4.0,0.0,0.0
216,2021-08-07,BAGAMANOC,13.9396368,124.2878298,1.0,0.0,4.0
217,2021-08-09,BAGAMANOC,13.9396368,124.2878298,2.0,0.0,2.0
218,2021-08-12,BAGAMANOC,13.9396368,124.2878298,4.0,0.0,0.0
219,2021-08-14,BAGAMANOC,13.9396368,124.2878298,1.0,0.0,4.0
220,2021-08-19,BAGAMANOC,13.9396368,124.2878298,3.0,0.0,0.0
221,2021-08-27,BAGAMANOC,13.9396368,124.2878298,1.0,0.0,0.0
222,2021-08-29,BAGAMANOC,13.9396368,124.2878298,1.0,0.0,1.0
223,2021-08-30,BAGAMANOC,13.9396368,124.2878298,3.0,0.0,0.0
224,2021-09-04,BAGAMANOC,13.9396368,124.2878298,4.0,0.0,0.0
225,2021-09-05,BAGAMANOC,13.9396368,124.2878298,2.0,0.0,1.0
226,2021-09-06,BAGAMANOC,13.9396368,124.2878298,2.0,0.0,0.0
227,2021-09-12,BAGAMANOC,13.9396368,124.2878298,1.0,0.0,0.0
228,2021-09-13,BAGAMANOC,13.9396368,124.2878298,2.0,0.0,4.0
229,2021-09-16,BAGAMANOC,13.9396368,124.2878298,1.0,0.0,0.0
230,2021-09-18,BAGAMANOC,13.9396368,124.2878298,1.0,0.0,0.0
231,2021-09-19,BAGAMANOC,13.9396368,124.2878298,4.0,0.0,0.0
232,2021-09-20,BAGAMANOC,13.9396368,124.2878298,1.0,0.0,1.0
233,2021-09-23,BAGAMANOC,13.9396368,124.2878298,3.0,0.0,0.0
234,2021-09-26,BAGAMANOC,13.9396368,124.2878298,3.0,0.0,0.0
235,2021-09-29,BAGAMANOC,13.9396368,124.2878298,1.0,0.0,0.0
236,2021-09-30,BAGAMANOC,13.9396368,124.2878298,1.0,0.0,3.0
237,2021-10-01,BAGAMANOC,13.9396368,124.2878298,2.0,0.0,0.0
238,2021-10-08,BAGAMANOC,13.9396368,124.2878298,3.0,0.0,0.0
239,2021-10-10,BAGAMANOC,13.9396368,124.2878298,5.0,0.0,1.0
240,2021-10-11,BAGAMANOC,13.9396368,124.2878298,4.0,0.0,0.0
241,2021-10-15,BAGAMANOC,13.9396368,124.2878298,2.0,0.0,3.0
242,2021-10-16,BAGAMANOC,13.9396368,124.2878298,5.0,0.0,0.0
243,2021-10-18,BAGAMANOC,13.9396368,124.2878298,4.0,0.0,6.0
244,2021-10-20,BAGAMANOC,13.9396368,124.2878298,7.0,0.0,0.0
245,2021-10-22,BAGAMANOC,13.9396368,124.2878298,2.0,0.0,0.0
246,2021-10-24,BAGAMANOC,13.9396368,124.2878298,2.0,0.0,5.0
247,2021-10-25,BAGAMANOC,13.9396368,124.2878298,2.0,0.0,0.0
248,2021-10-28,BAGAMANOC,13.9396368,124.2878298,1.0,0.0,0.0
249,2021-10-30,BAGAMANOC,13.9396368,124.2878298,1.0,0.0,2.0
250,2021-10-31,BAGAMANOC,13.9396368,124.2878298,2.0,0.0,0.0
251,2021-11-07,BAGAMANOC,13.9396368,124.2878298,2.0,0.0,1.0
252,2021-11-08,BAGAMANOC,13.9396368,124.2878298,1.0,0.0,2.0
253,2021-11-11,BAGAMANOC,13.9396368,124.2878298,7.0,0.0,0.0
254,2021-11-13,BAGAMANOC,13.9396368,124.2878298,4.0,0.0,0.0
255,2021-11-19,BAGAMANOC,13.9396368,124.2878298,2.0,0.0,7.0
256,2022-01-07,BAGAMANOC,13.9396368,124.2878298,2.0,0.0,0.0
257,2022-01-15,BAGAMANOC,13.9396368,124.2878298,1.0,0.0,0.0
258,2022-01-19,BAGAMANOC,13.9396368,124.2878298,8.0,0.0,0.0
259,2022-01-20,BAGAMANOC,13.9396368,124.2878298,2.0,0.0,0.0
260,2022-01-21,BAGAMANOC,13.9396368,124.2878298,4.0,0.0,0.0
261,2022-01-24,BAGAMANOC,13.9396368,124.2878298,1.0,0.0,0.0
262,2022-01-26,BAGAMANOC,13.9396368,124.2878298,1.0,0.0,0.0
263,2022-01-27,BAGAMANOC,13.9396368,124.2878298,2.0,0.0,0.0
264,2022-01-29,BAGAMANOC,13.9396368,124.2878298,1.0,0.0,4.0
265,2022-02-04,BAGAMANOC,13.9396368,124.2878298,1.0,0.0,2.0
266,2022-02-09,BAGAMANOC,13.9396368,124.2878298,1.0,0.0,0.0
267,2022-03-04,BAGAMANOC,13.9396368,124.2878298,1.0,0.0,0.0
268,2022-08-18,BAGAMANOC,13.9396368,124.2878298,1.0,0.0,0.0
269,2022-09-19,BAGAMANOC,13.9396368,124.2878298,1.0,0.0,0.0
270,2022-08-29,BAGAMANOC,13.9396368,124.2878298,0.0,1.0,0.0
271,2023-05-21,BAGAMANOC,13.9396368,124.2878298,0.0,0.0,1.0
272,2023-06-06,BAGAMANOC,13.9396368,124.2878298,0.0,0.0,1.0
273,2023-06-10,BAGAMANOC,13.9396368,124.2878298,0.0,0.0,2.0
274,2020-07-21,BAGAMANOC,13.9396368,124.2878298,0.0,0.0,1.0
275,2020-08-16,BAGAMANOC,13.9396368,124.2878298,0.0,0.0,1.0
276,2020-08-25,BAGAMANOC,13.9396368,124.2878298,0.0,0.0,1.0
277,2020-11-01,BAGAMANOC,13.9396368,124.2878298,0.0,0.0,1.0
278,2020-11-08,BAGAMANOC,13.9396368,124.2878298,0.0,0.0,1.0
279,2021-03-28,BAGAMANOC,13.9396368,124.2878298,0.0,0.0,1.0
280,2021-04-28,BAGAMANOC,13.9396368,124.2878298,0.0,0.0,1.0
281,2021-05-04,BAGAMANOC,13.9396368,124.2878298,0.0,0.0,4.0
282,2021-05-05,BAGAMANOC,13.9396368,124.2878298,0.0,0.0,2.0
283,2021-05-08,BAGAMANOC,13.9396368,124.2878298,0.0,0.0,4.0
284,2021-05-10,BAGAMANOC,13.9396368,124.2878298,0.0,0.0,1.0
285,2021-05-15,BAGAMANOC,13.9396368,124.2878298,0.0,0.0,1.0
286,2021-05-17,BAGAMANOC,13.9396368,124.2878298,0.0,0.0,2.0
287,2021-06-28,BAGAMANOC,13.9396368,124.2878298,0.0,0.0,1.0
288,2021-06-30,BAGAMANOC,13.9396368,124.2878298,0.0,0.0,2.0
289,2021-07-04,BAGAMANOC,13.9396368,124.2878298,0.0,0.0,5.0
290,2021-07-06,BAGAMANOC,13.9396368,124.2878298,0.0,0.0,2.0
291,2021-07-10,BAGAMANOC,13.9396368,124.2878298,0.0,0.0,6.0
292,2021-07-12,BAGAMANOC,13.9396368,124.2878298,0.0,0.0,1.0
293,2021-07-14,BAGAMANOC,13.9396368,124.2878298,0.0,0.0,4.0
294,2021-07-27,BAGAMANOC,13.9396368,124.2878298,0.0,0.0,1.0
295,2021-08-03,BAGAMANOC,13.9396368,124.2878298,0.0,0.0,3.0
296,2021-08-04,BAGAMANOC,13.9396368,124.2878298,0.0,0.0,4.0
297,2021-08-11,BAGAMANOC,13.9396368,124.2878298,0.0,0.0,1.0
298,2021-08-15,BAGAMANOC,13.9396368,124.2878298,0.0,0.0,4.0
299,2021-08-16,BAGAMANOC,13.9396368,124.2878298,0.0,0.0,1.0
300,2021-08-18,BAGAMANOC,13.9396368,124.2878298,0.0,0.0,2.0
301,2021-08-21,BAGAMANOC,13.9396368,124.2878298,0.0,0.0,4.0
302,2021-08-23,BAGAMANOC,13.9396368,124.2878298,0.0,0.0,1.0
303,2021-08-28,BAGAMANOC,13.9396368,124.2878298,0.0,0.0,2.0
304,2021-09-07,BAGAMANOC,13.9396368,124.2878298,0.0,0.0,1.0
305,2021-09-08,BAGAMANOC,13.9396368,124.2878298,0.0,0.0,3.0
306,2021-09-14,BAGAMANOC,13.9396368,124.2878298,0.0,0.0,3.0
307,2021-09-15,BAGAMANOC,13.9396368,124.2878298,0.0,0.0,1.0
308,2021-09-21,BAGAMANOC,13.9396368,124.2878298,0.0,0.0,2.0
309,2021-09-24,BAGAMANOC,13.9396368,124.2878298,0.0,0.0,1.0
310,2021-09-25,BAGAMANOC,13.9396368,124.2878298,0.0,0.0,1.0
311,2021-09-27,BAGAMANOC,13.9396368,124.2878298,0.0,0.0,4.0
312,2021-09-28,BAGAMANOC,13.9396368,124.2878298,0.0,0.0,1.0
313,2021-10-03,BAGAMANOC,13.9396368,124.2878298,0.0,0.0,3.0
314,2021-10-09,BAGAMANOC,13.9396368,124.2878298,0.0,0.0,3.0
315,2021-10-19,BAGAMANOC,13.9396368,124.2878298,0.0,0.0,3.0
316,2021-10-23,BAGAMANOC,13.9396368,124.2878298,0.0,0.0,2.0
317,2021-10-27,BAGAMANOC,13.9396368,124.2878298,0.0,0.0,4.0
318,2021-10-29,BAGAMANOC,13.9396368,124.2878298,0.0,0.0,7.0
319,2021-11-01,BAGAMANOC,13.9396368,124.2878298,0.0,0.0,1.0
320,2021-11-02,BAGAMANOC,13.9396368,124.2878298,0.0,0.0,3.0
321,2021-11-05,BAGAMANOC,13.9396368,124.2878298,0.0,0.0,1.0
322,2021-11-16,BAGAMANOC,13.9396368,124.2878298,0.0,0.0,3.0
323,2021-11-21,BAGAMANOC,13.9396368,124.2878298,0.0,0.0,3.0
324,2021-11-22,BAGAMANOC,13.9396368,124.2878298,0.0,0.0,1.0
325,2021-11-27,BAGAMANOC,13.9396368,124.2878298,0.0,0.0,2.0
326,2022-01-16,BAGAMANOC,13.9396368,124.2878298,0.0,0.0,2.0
327,2022-01-23,BAGAMANOC,13.9396368,124.2878298,0.0,0.0,1.0
328,2022-01-28,BAGAMANOC,13.9396368,124.2878298,0.0,0.0,9.0
329,2022-02-02,BAGAMANOC,13.9396368,124.2878298,0.0,0.0,1.0
330,2022-02-05,BAGAMANOC,13.9396368,124.2878298,0.0,0.0,2.0
331,2022-02-07,BAGAMANOC,13.9396368,124.2878298,0.0,0.0,1.0
332,2022-02-19,BAGAMANOC,13.9396368,124.2878298,0.0,0.0,1.0
333,2022-03-13,BAGAMANOC,13.9396368,124.2878298,0.0,0.0,1.0
334,2022-04-15,BAGAMANOC,13.9396368,124.2878298,0.0,0.0,1.0
335,2022-09-28,BAGAMANOC,13.9396368,124.2878298,0.0,0.0,1.0
336,2023-05-01,CARAMORAN,13.9838351,124.1338718,1.0,0.0,0.0
337,2023-05-07,CARAMORAN,13.9838351,124.1338718,1.0,0.0,0.0
338,2023-05-17,CARAMORAN,13.9838351,124.1338718,1.0,0.0,0.0
339,2023-05-19,CARAMORAN,13.9838351,124.1338718,3.0,0.0,0.0
340,2023-05-22,CARAMORAN,13.9838351,124.1338718,1.0,0.0,0.0
341,2023-05-24,CARAMORAN,13.9838351,124.1338718,3.0,0.0,0.0
342,2023-05-26,CARAMORAN,13.9838351,124.1338718,3.0,0.0,1.0
343,2023-05-27,CARAMORAN,13.9838351,124.1338718,2.0,0.0,0.0
344,2023-06-03,CARAMORAN,13.9838351,124.1338718,4.0,0.0,0.0
345,2023-06-17,CARAMORAN,13.9838351,124.1338718,1.0,0.0,0.0
346,2023-08-04,CARAMORAN,13.9838351,124.1338718,2.0,0.0,0.0
347,2023-09-17,CARAMORAN,13.9838351,124.1338718,1.0,0.0,0.0
348,2023-10-01,CARAMORAN,13.9838351,124.1338718,1.0,0.0,0.0
349,2023-12-07,CARAMORAN,13.9838351,124.1338718,1.0,0.0,0.0
350,2023-12-14,CARAMORAN,13.9838351,124.1338718,1.0,0.0,0.0
351,2020-07-08,CARAMORAN,13.9838351,124.1338718,1.0,0.0,0.0
352,2020-08-04,CARAMORAN,13.9838351,124.1338718,1.0,0.0,0.0
353,2020-08-29,CARAMORAN,13.9838351,124.1338718,1.0,0.0,0.0
354,2020-09-12,CARAMORAN,13.9838351,124.1338718,1.0,0.0,0.0
355,2020-10-16,CARAMORAN,13.9838351,124.1338718,1.0,0.0,0.0
356,2021-02-14,CARAMORAN,13.9838351,124.1338718,2.0,0.0,0.0
357,2021-03-06,CARAMORAN,13.9838351,124.1338718,1.0,0.0,0.0
358,2021-03-25,CARAMORAN,13.9838351,124.1338718,1.0,0.0,0.0
359,2021-04-01,CARAMORAN,13.9838351,124.1338718,1.0,0.0,0.0
360,2021-04-08,CARAMORAN,13.9838351,124.1338718,1.0,0.0,0.0
361,2021-04-10,CARAMORAN,13.9838351,124.1338718,1.0,0.0,0.0
362,2021-04-15,CARAMORAN,13.9838351,124.1338718,1.0,0.0,0.0
363,2021-04-23,CARAMORAN,13.9838351,124.1338718,1.0,0.0,0.0
364,2021-05-13,CARAMORAN,13.9838351,124.1338718,1.0,0.0,0.0
365,2021-05-15,CARAMORAN,13.9838351,124.1338718,1.0,0.0,0.0
366,2021-05-20,CARAMORAN,13.9838351,124.1338718,3.0,0.0,0.0
367,2021-05-26,CARAMORAN,13.9838351,124.1338718,1.0,0.0,0.0
368,2021-05-27,CARAMORAN,13.9838351,124.1338718,2.0,0.0,0.0
369,2021-05-28,CARAMORAN,13.9838351,124.1338718,1.0,0.0,0.0
370,2021-05-29,CARAMORAN,13.9838351,124.1338718,3.0,0.0,3.0
371,2021-05-31,CARAMORAN,13.9838351,124.1338718,3.0,0.0,1.0
372,2021-06-03,CARAMORAN,13.9838351,124.1338718,2.0,0.0,0.0
373,2021-06-07,CARAMORAN,13.9838351,124.1338718,3.0,0.0,3.0
374,2021-06-09,CARAMORAN,13.9838351,124.1338718,3.0,0.0,3.0
375,2021-06-13,CARAMORAN,13.9838351,124.1338718,2.0,0.0,0.0
376,2021-06-15,CARAMORAN,13.9838351,124.1338718,2.0,0.0,3.0
377,2021-06-17,CARAMORAN,13.9838351,124.1338718,1.0,0.0,0.0
378,2021-06-21,CARAMORAN,13.9838351,124.1338718,2.0,0.0,1.0
379,2021-06-25,CARAMORAN,13.9838351,124.1338718,3.0,0.0,0.0
380,2021-06-28,CARAMORAN,13.9838351,124.1338718,4.0,0.0,0.0
381,2021-07-01,CARAMORAN,13.9838351,124.1338718,2.0,0.0,0.0
382,2021-07-03,CARAMORAN,13.9838351,124.1338718,1.0,0.0,0.0
383,2021-07-05,CARAMORAN,13.9838351,124.1338718,1.0,0.0,0.0
384,2021-07-08,CARAMORAN,13.9838351,124.1338718,1.0,0.0,0.0
385,2021-07-09,CARAMORAN,13.9838351,124.1338718,3.0,0.0,0.0
386,2021-07-12,CARAMORAN,13.9838351,124.1338718,6.0,0.0,1.0
387,2021-07-15,CARAMORAN,13.9838351,124.1338718,1.0,0.0,0.0
388,2021-07-16,CARAMORAN,13.9838351,124.1338718,1.0,0.0,0.0
389,2021-07-18,CARAMORAN,13.9838351,124.1338718,1.0,0.0,3.0
390,2021-07-29,CARAMORAN,13.9838351,124.1338718,1.0,0.0,0.0
391,2021-08-02,CARAMORAN,13.9838351,124.1338718,1.0,0.0,0.0
392,2021-08-07,CARAMORAN,13.9838351,124.1338718,1.0,0.0,1.0
393,2021-08-09,CARAMORAN,13.9838351,124.1338718,1.0,0.0,0.0
394,2021-08-14,CARAMORAN,13.9838351,124.1338718,1.0,0.0,0.0
395,2021-08-22,CARAMORAN,13.9838351,124.1338718,2.0,0.0,0.0
396,2021-08-23,CARAMORAN,13.9838351,124.1338718,1.0,0.0,0.0
397,2021-08-26,CARAMORAN,13.9838351,124.1338718,1.0,0.0,0.0
398,2021-09-03,CARAMORAN,13.9838351,124.1338718,1.0,0.0,0.0
399,2021-09-05,CARAMORAN,13.9838351,124.1338718,1.0,0.0,0.0
400,2021-09-06,CARAMORAN,13.9838351,124.1338718,1.0,0.0,0.0
401,2021-09-07,CARAMORAN,13.9838351,124.1338718,1.0,0.0,0.0
402,2021-09-09,CARAMORAN,13.9838351,124.1338718,5.0,0.0,0.0
403,2021-09-12,CARAMORAN,13.9838351,124.1338718,6.0,0.0,0.0
404,2021-09-17,CARAMORAN,13.9838351,124.1338718,2.0,0.0,0.0
405,2021-09-23,CARAMORAN,13.9838351,124.1338718,3.0,0.0,0.0
406,2021-09-30,CARAMORAN,13.9838351,124.1338718,1.0,0.0,2.0
407,2021-10-01,CARAMORAN,13.9838351,124.1338718,5.0,0.0,1.0
408,2021-10-02,CARAMORAN,13.9838351,124.1338718,2.0,0.0,0.0
409,2021-10-06,CARAMORAN,13.9838351,124.1338718,18.0,0.0,0.0
410,2021-10-08,CARAMORAN,13.9838351,124.1338718,1.0,0.0,0.0
411,2021-10-10,CARAMORAN,13.9838351,124.1338718,1.0,0.0,0.0
412,2021-10-11,CARAMORAN,13.9838351,124.1338718,14.0,0.0,0.0
413,2021-10-15,CARAMORAN,13.9838351,124.1338718,6.0,0.0,0.0
414,2021-10-16,CARAMORAN,13.9838351,124.1338718,4.0,0.0,0.0
415,2021-10-18,CARAMORAN,13.9838351,124.1338718,8.0,0.0,14.0
416,2021-10-22,CARAMORAN,13.9838351,124.1338718,7.0,0.0,0.0
417,2021-10-23,CARAMORAN,13.9838351,124.1338718,2.0,0.0,7.0
418,2021-10-24,CARAMORAN,13.9838351,124.1338718,1.0,0.0,4.0
419,2021-10-25,CARAMORAN,13.9838351,124.1338718,14.0,0.0,0.0
420,2021-10-30,CARAMORAN,13.9838351,124.1338718,8.0,0.0,7.0
421,2021-10-31,CARAMORAN,13.9838351,124.1338718,2.0,0.0,0.0
422,2021-11-01,CARAMORAN,13.9838351,124.1338718,13.0,0.0,1.0
423,2021-11-05,CARAMORAN,13.9838351,124.1338718,14.0,0.0,0.0
424,2021-11-07,CARAMORAN,13.9838351,124.1338718,4.0,0.0,8.0
425,2021-11-08,CARAMORAN,13.9838351,124.1338718,4.0,0.0,0.0
426,2021-11-12,CARAMORAN,13.9838351,124.1338718,6.0,0.0,0.0
427,2021-11-13,CARAMORAN,13.9838351,124.1338718,12.0,0.0,13.0
428,2021-11-15,CARAMORAN,13.9838351,124.1338718,7.0,0.0,3.0
429,2021-11-20,CARAMORAN,13.9838351,124.1338718,3.0,0.0,4.0
430,2021-11-25,CARAMORAN,13.9838351,124.1338718,6.0,0.0,0.0
431,2021-11-26,CARAMORAN,13.9838351,124.1338718,3.0,0.0,0.0
432,2021-11-28,CARAMORAN,13.9838351,124.1338718,1.0,0.0,3.0
433,2021-12-04,CARAMORAN,13.9838351,124.1338718,1.0,1.0,0.0
434,2021-12-15,CARAMORAN,13.9838351,124.1338718,2.0,0.0,0.0
435,2021-12-23,CARAMORAN,13.9838351,124.1338718,1.0,0.0,0.0
436,2021-12-31,CARAMORAN,13.9838351,124.1338718,1.0,0.0,0.0
437,2022-01-06,CARAMORAN,13.9838351,124.1338718,1.0,0.0,0.0
438,2022-01-13,CARAMORAN,13.9838351,124.1338718,5.0,0.0,0.0
439,2022-01-15,CARAMORAN,13.9838351,124.1338718,4.0,0.0,1.0
440,2022-01-16,CARAMORAN,13.9838351,124.1338718,1.0,0.0,0.0
441,2022-01-17,CARAMORAN,13.9838351,124.1338718,1.0,0.0,0.0
442,2022-01-20,CARAMORAN,13.9838351,124.1338718,1.0,0.0,0.0
443,2022-01-21,CARAMORAN,13.9838351,124.1338718,2.0,0.0,5.0
444,2022-01-22,CARAMORAN,13.9838351,124.1338718,3.0,0.0,0.0
445,2022-01-23,CARAMORAN,13.9838351,124.1338718,3.0,0.0,2.0
446,2022-01-24,CARAMORAN,13.9838351,124.1338718,2.0,0.0,1.0
447,2022-01-25,CARAMORAN,13.9838351,124.1338718,2.0,0.0,0.0
448,2022-01-26,CARAMORAN,13.9838351,124.1338718,1.0,0.0,2.0
449,2022-01-27,CARAMORAN,13.9838351,124.1338718,5.0,0.0,1.0
450,2022-01-28,CARAMORAN,13.9838351,124.1338718,2.0,0.0,0.0
451,2022-01-29,CARAMORAN,13.9838351,124.1338718,1.0,0.0,0.0
452,2022-01-30,CARAMORAN,13.9838351,124.1338718,1.0,0.0,3.0
453,2022-02-02,CARAMORAN,13.9838351,124.1338718,3.0,0.0,4.0
454,2022-02-04,CARAMORAN,13.9838351,124.1338718,1.0,0.0,1.0
455,2022-02-06,CARAMORAN,13.9838351,124.1338718,2.0,0.0,2.0
456,2022-02-09,CARAMORAN,13.9838351,124.1338718,2.0,0.0,0.0
457,2022-02-13,CARAMORAN,13.9838351,124.1338718,1.0,0.0,0.0
458,2022-03-04,CARAMORAN,13.9838351,124.1338718,2.0,0.0,2.0
459,2022-03-13,CARAMORAN,13.9838351,124.1338718,1.0,0.0,0.0
460,2022-04-15,CARAMORAN,13.9838351,124.1338718,1.0,0.0,0.0
461,2022-07-07,CARAMORAN,13.9838351,124.1338718,1.0,0.0,0.0
462,2022-07-15,CARAMORAN,13.9838351,124.1338718,2.0,0.0,0.0
463,2022-07-21,CARAMORAN,13.9838351,124.1338718,2.0,0.0,0.0
464,2022-07-31,CARAMORAN,13.9838351,124.1338718,1.0,0.0,0.0
465,2022-08-03,CARAMORAN,13.9838351,124.1338718,1.0,0.0,0.0
466,2022-08-05,CARAMORAN,13.9838351,124.1338718,1.0,0.0,0.0
467,2022-08-14,CARAMORAN,13.9838351,124.1338718,1.0,0.0,0.0
468,2022-08-20,CARAMORAN,13.9838351,124.1338718,1.0,0.0,0.0
469,2022-08-25,CARAMORAN,13.9838351,124.1338718,1.0,0.0,0.0
470,2022-08-28,CARAMORAN,13.9838351,124.1338718,1.0,0.0,1.0
471,2022-09-02,CARAMORAN,13.9838351,124.1338718,1.0,0.0,1.0
472,2022-10-01,CARAMORAN,13.9838351,124.1338718,1.0,0.0,0.0
473,2022-10-15,CARAMORAN,13.9838351,124.1338718,1.0,0.0,0.0
474,2021-07-17,CARAMORAN,13.9838351,124.1338718,0.0,1.0,2.0
475,2021-08-18,CARAMORAN,13.9838351,124.1338718,0.0,1.0,0.0
476,2022-03-20,CARAMORAN,13.9838351,124.1338718,0.0,1.0,0.0
477,2023-05-09,CARAMORAN,13.9838351,124.1338718,0.0,0.0,1.0
478,2023-05-16,CARAMORAN,13.9838351,124.1338718,0.0,0.0,1.0
479,2023-05-28,CARAMORAN,13.9838351,124.1338718,0.0,0.0,3.0
480,2023-05-30,CARAMORAN,13.9838351,124.1338718,0.0,0.0,1.0
481,2023-06-02,CARAMORAN,13.9838351,124.1338718,0.0,0.0,3.0
482,2023-06-04,CARAMORAN,13.9838351,124.1338718,0.0,0.0,5.0
483,2023-06-11,CARAMORAN,13.9838351,124.1338718,0.0,0.0,4.0
484,2023-06-26,CARAMORAN,13.9838351,124.1338718,0.0,0.0,1.0
485,2023-08-13,CARAMORAN,13.9838351,124.1338718,0.0,0.0,2.0
486,2023-09-24,CARAMORAN,13.9838351,124.1338718,0.0,0.0,1.0
487,2023-10-10,CARAMORAN,13.9838351,124.1338718,0.0,0.0,1.0
488,2023-12-15,CARAMORAN,13.9838351,124.1338718,0.0,0.0,1.0
489,2023-12-23,CARAMORAN,13.9838351,124.1338718,0.0,0.0,1.0
490,2020-07-30,CARAMORAN,13.9838351,124.1338718,0.0,0.0,1.0
491,2020-08-16,CARAMORAN,13.9838351,124.1338718,0.0,0.0,1.0
492,2020-09-20,CARAMORAN,13.9838351,124.1338718,0.0,0.0,1.0
493,2020-09-27,CARAMORAN,13.9838351,124.1338718,0.0,0.0,1.0
494,2020-10-25,CARAMORAN,13.9838351,124.1338718,0.0,0.0,1.0
495,2021-02-28,CARAMORAN,13.9838351,124.1338718,0.0,0.0,1.0
496,2021-03-13,CARAMORAN,13.9838351,124.1338718,0.0,0.0,1.0
497,2021-03-21,CARAMORAN,13.9838351,124.1338718,0.0,0.0,1.0
498,2021-04-11,CARAMORAN,13.9838351,124.1338718,0.0,0.0,1.0
499,2021-04-18,CARAMORAN,13.9838351,124.1338718,0.0,0.0,1.0
500,2021-04-22,CARAMORAN,13.9838351,124.1338718,0.0,0.0,1.0
501,2021-04-24,CARAMORAN,13.9838351,124.1338718,0.0,0.0,2.0
502,2021-05-01,CARAMORAN,13.9838351,124.1338718,0.0,0.0,1.0
503,2021-05-21,CARAMORAN,13.9838351,124.1338718,0.0,0.0,1.0
504,2021-05-24,CARAMORAN,13.9838351,124.1338718,0.0,0.0,1.0
505,2021-06-05,CARAMORAN,13.9838351,124.1338718,0.0,0.0,2.0
506,2021-06-06,CARAMORAN,13.9838351,124.1338718,0.0,0.0,1.0
507,2021-06-12,CARAMORAN,13.9838351,124.1338718,0.0,0.0,2.0
508,2021-06-16,CARAMORAN,13.9838351,124.1338718,0.0,0.0,3.0
509,2021-06-23,CARAMORAN,13.9838351,124.1338718,0.0,0.0,2.0
510,2021-06-26,CARAMORAN,13.9838351,124.1338718,0.0,0.0,1.0
511,2021-06-30,CARAMORAN,13.9838351,124.1338718,0.0,0.0,2.0
512,2021-07-04,CARAMORAN,13.9838351,124.1338718,0.0,0.0,3.0
513,2021-07-07,CARAMORAN,13.9838351,124.1338718,0.0,0.0,4.0
514,2021-07-10,CARAMORAN,13.9838351,124.1338718,0.0,0.0,1.0
515,2021-07-14,CARAMORAN,13.9838351,124.1338718,0.0,0.0,1.0
516,2021-07-21,CARAMORAN,13.9838351,124.1338718,0.0,0.0,6.0
517,2021-07-24,CARAMORAN,13.9838351,124.1338718,0.0,0.0,2.0
518,2021-07-27,CARAMORAN,13.9838351,124.1338718,0.0,0.0,1.0
519,2021-08-11,CARAMORAN,13.9838351,124.1338718,0.0,0.0,1.0
520,2021-08-16,CARAMORAN,13.9838351,124.1338718,0.0,0.0,1.0
521,2021-08-17,CARAMORAN,13.9838351,124.1338718,0.0,0.0,1.0
522,2021-08-31,CARAMORAN,13.9838351,124.1338718,0.0,0.0,2.0
523,2021-09-01,CARAMORAN,13.9838351,124.1338718,0.0,0.0,1.0
524,2021-09-04,CARAMORAN,13.9838351,124.1338718,0.0,0.0,1.0
525,2021-09-11,CARAMORAN,13.9838351,124.1338718,0.0,0.0,1.0
526,2021-09-14,CARAMORAN,13.9838351,124.1338718,0.0,0.0,1.0
527,2021-09-15,CARAMORAN,13.9838351,124.1338718,0.0,0.0,1.0
528,2021-09-16,CARAMORAN,13.9838351,124.1338718,0.0,0.0,1.0
529,2021-09-18,CARAMORAN,13.9838351,124.1338718,0.0,0.0,5.0
530,2021-09-20,CARAMORAN,13.9838351,124.1338718,0.0,0.0,5.0
531,2021-09-21,CARAMORAN,13.9838351,124.1338718,0.0,0.0,1.0
532,2021-09-25,CARAMORAN,13.9838351,124.1338718,0.0,0.0,1.0
533,2021-09-26,CARAMORAN,13.9838351,124.1338718,0.0,0.0,1.0
534,2021-10-09,CARAMORAN,13.9838351,124.1338718,0.0,0.0,6.0
535,2021-10-12,CARAMORAN,13.9838351,124.1338718,0.0,0.0,2.0
536,2021-10-14,CARAMORAN,13.9838351,124.1338718,0.0,0.0,18.0
537,2021-10-17,CARAMORAN,13.9838351,124.1338718,0.0,0.0,1.0
538,2021-10-19,CARAMORAN,13.9838351,124.1338718,0.0,0.0,1.0
539,2021-10-26,CARAMORAN,13.9838351,124.1338718,0.0,0.0,7.0
540,2021-10-27,CARAMORAN,13.9838351,124.1338718,0.0,0.0,1.0
541,2021-11-02,CARAMORAN,13.9838351,124.1338718,0.0,0.0,15.0
542,2021-11-09,CARAMORAN,13.9838351,124.1338718,0.0,0.0,15.0
543,2021-11-14,CARAMORAN,13.9838351,124.1338718,0.0,0.0,1.0
544,2021-11-16,CARAMORAN,13.9838351,124.1338718,0.0,0.0,5.0
545,2021-11-21,CARAMORAN,13.9838351,124.1338718,0.0,0.0,13.0
546,2021-11-23,CARAMORAN,13.9838351,124.1338718,0.0,0.0,7.0
547,2021-12-03,CARAMORAN,13.9838351,124.1338718,0.0,0.0,6.0
548,2021-12-05,CARAMORAN,13.9838351,124.1338718,0.0,0.0,3.0
549,2021-12-08,CARAMORAN,13.9838351,124.1338718,0.0,0.0,1.0
550,2021-12-14,CARAMORAN,13.9838351,124.1338718,0.0,0.0,1.0
551,2021-12-25,CARAMORAN,13.9838351,124.1338718,0.0,0.0,2.0
552,2022-01-01,CARAMORAN,13.9838351,124.1338718,0.0,0.0,1.0
553,2022-01-09,CARAMORAN,13.9838351,124.1338718,0.0,0.0,1.0
554,2022-01-31,CARAMORAN,13.9838351,124.1338718,0.0,0.0,3.0
555,2022-02-01,CARAMORAN,13.9838351,124.1338718,0.0,0.0,2.0
556,2022-02-05,CARAMORAN,13.9838351,124.1338718,0.0,0.0,5.0
557,2022-02-07,CARAMORAN,13.9838351,124.1338718,0.0,0.0,2.0
558,2022-02-08,CARAMORAN,13.9838351,124.1338718,0.0,0.0,1.0
559,2022-02-11,CARAMORAN,13.9838351,124.1338718,0.0,0.0,3.0
560,2022-02-14,CARAMORAN,13.9838351,124.1338718,0.0,0.0,1.0
561,2022-02-15,CARAMORAN,13.9838351,124.1338718,0.0,0.0,2.0
562,2022-02-18,CARAMORAN,13.9838351,124.1338718,0.0,0.0,1.0
563,2022-02-19,CARAMORAN,13.9838351,124.1338718,0.0,0.0,1.0
564,2022-02-23,CARAMORAN,13.9838351,124.1338718,0.0,0.0,1.0
565,2022-04-25,CARAMORAN,13.9838351,124.1338718,0.0,0.0,1.0
566,2022-07-17,CARAMORAN,13.9838351,124.1338718,0.0,0.0,1.0
567,2022-07-25,CARAMORAN,13.9838351,124.1338718,0.0,0.0,2.0
568,2022-07-30,CARAMORAN,13.9838351,124.1338718,0.0,0.0,2.0
569,2022-08-09,CARAMORAN,13.9838351,124.1338718,0.0,0.0,1.0
570,2022-08-13,CARAMORAN,13.9838351,124.1338718,0.0,0.0,1.0
571,2022-08-24,CARAMORAN,13.9838351,124.1338718,0.0,0.0,1.0
572,2022-09-07,CARAMORAN,13.9838351,124.1338718,0.0,0.0,1.0
573,2022-09-12,CARAMORAN,13.9838351,124.1338718,0.0,0.0,1.0
574,2022-10-16,CARAMORAN,13.9838351,124.1338718,0.0,0.0,1.0
575,2022-11-04,CARAMORAN,13.9838351,124.1338718,0.0,0.0,1.0
576,2023-03-04,CARAMORAN,13.9838351,124.1338718,0.0,0.0,1.0
577,2023-05-07,GIGMOTO,13.7786693,124.3911728,1.0,0.0,0.0
578,2023-05-21,GIGMOTO,13.7786693,124.3911728,7.0,0.0,0.0
579,2023-05-27,GIGMOTO,13.7786693,124.3911728,1.0,0.0,0.0
580,2023-06-04,GIGMOTO,13.7786693,124.3911728,1.0,0.0,0.0
581,2023-12-24,GIGMOTO,13.7786693,124.3911728,1.0,0.0,0.0
582,2020-07-19,GIGMOTO,13.7786693,124.3911728,2.0,0.0,0.0
583,2020-10-28,GIGMOTO,13.7786693,124.3911728,1.0,0.0,0.0
584,2020-11-01,GIGMOTO,13.7786693,124.3911728,1.0,0.0,0.0
585,2020-12-21,GIGMOTO,13.7786693,124.3911728,1.0,0.0,0.0
586,2021-05-04,GIGMOTO,13.7786693,124.3911728,1.0,0.0,0.0
587,2021-05-26,GIGMOTO,13.7786693,124.3911728,1.0,0.0,0.0
588,2021-06-24,GIGMOTO,13.7786693,124.3911728,1.0,0.0,0.0
589,2021-06-25,GIGMOTO,13.7786693,124.3911728,1.0,0.0,0.0
590,2021-07-08,GIGMOTO,13.7786693,124.3911728,1.0,0.0,0.0
591,2021-07-18,GIGMOTO,13.7786693,124.3911728,1.0,0.0,0.0
592,2021-07-26,GIGMOTO,13.7786693,124.3911728,3.0,0.0,0.0
593,2021-08-05,GIGMOTO,13.7786693,124.3911728,3.0,0.0,0.0
594,2021-08-12,GIGMOTO,13.7786693,124.3911728,4.0,0.0,0.0
595,2021-08-13,GIGMOTO,13.7786693,124.3911728,2.0,0.0,0.0
596,2021-08-15,GIGMOTO,13.7786693,124.3911728,1.0,0.0,0.0
597,2021-08-17,GIGMOTO,13.7786693,124.3911728,1.0,0.0,0.0
598,2021-08-19,GIGMOTO,13.7786693,124.3911728,1.0,0.0,0.0
599,2021-08-21,GIGMOTO,13.7786693,124.3911728,1.0,0.0,4.0
600,2021-08-22,GIGMOTO,13.7786693,124.3911728,1.0,0.0,2.0
601,2021-08-27,GIGMOTO,13.7786693,124.3911728,2.0,0.0,0.0
602,2021-08-28,GIGMOTO,13.7786693,124.3911728,1.0,0.0,1.0
603,2021-09-03,GIGMOTO,13.7786693,124.3911728,1.0,0.0,0.0
604,2021-09-04,GIGMOTO,13.7786693,124.3911728,1.0,0.0,0.0
605,2021-09-06,GIGMOTO,13.7786693,124.3911728,1.0,0.0,1.0
606,2021-09-12,GIGMOTO,13.7786693,124.3911728,1.0,0.0,1.0
607,2021-09-29,GIGMOTO,13.7786693,124.3911728,1.0,0.0,0.0
608,2021-10-07,GIGMOTO,13.7786693,124.3911728,1.0,0.0,0.0
609,2021-10-10,GIGMOTO,13.7786693,124.3911728,1.0,0.0,0.0
610,2021-10-15,GIGMOTO,13.7786693,124.3911728,1.0,0.0,0.0
611,2021-10-17,GIGMOTO,13.7786693,124.3911728,1.0,0.0,1.0
612,2021-10-19,GIGMOTO,13.7786693,124.3911728,1.0,0.0,0.0
613,2021-10-22,GIGMOTO,13.7786693,124.3911728,3.0,0.0,0.0
614,2021-10-23,GIGMOTO,13.7786693,124.3911728,5.0,0.0,1.0
615,2021-10-25,GIGMOTO,13.7786693,124.3911728,1.0,0.0,1.0
616,2021-10-28,GIGMOTO,13.7786693,124.3911728,1.0,0.0,1.0
617,2021-10-31,GIGMOTO,13.7786693,124.3911728,1.0,0.0,5.0
618,2021-11-01,GIGMOTO,13.7786693,124.3911728,1.0,0.0,0.0
619,2021-11-06,GIGMOTO,13.7786693,124.3911728,5.0,0.0,1.0
620,2021-11-07,GIGMOTO,13.7786693,124.3911728,2.0,0.0,0.0
621,2021-11-08,GIGMOTO,13.7786693,124.3911728,9.0,0.0,1.0
622,2021-11-11,GIGMOTO,13.7786693,124.3911728,2.0,0.0,0.0
623,2021-11-12,GIGMOTO,13.7786693,124.3911728,5.0,0.0,0.0
624,2021-11-14,GIGMOTO,13.7786693,124.3911728,1.0,0.0,3.0
625,2021-11-15,GIGMOTO,13.7786693,124.3911728,3.0,0.0,4.0
626,2021-11-19,GIGMOTO,13.7786693,124.3911728,5.0,0.0,0.0
627,2021-11-20,GIGMOTO,13.7786693,124.3911728,2.0,0.0,6.0
628,2021-11-21,GIGMOTO,13.7786693,124.3911728,3.0,0.0,1.0
629,2021-11-22,GIGMOTO,13.7786693,124.3911728,1.0,0.0,0.0
630,2021-11-25,GIGMOTO,13.7786693,124.3911728,1.0,0.0,0.0
631,2021-11-28,GIGMOTO,13.7786693,124.3911728,3.0,0.0,3.0
632,2021-12-04,GIGMOTO,13.7786693,124.3911728,1.0,0.0,1.0
633,2021-12-08,GIGMOTO,13.7786693,124.3911728,2.0,0.0,0.0
634,2021-12-12,GIGMOTO,13.7786693,124.3911728,1.0,0.0,0.0
635,2022-01-12,GIGMOTO,13.7786693,124.3911728,1.0,0.0,0.0
636,2022-01-15,GIGMOTO,13.7786693,124.3911728,1.0,0.0,0.0
637,2022-01-16,GIGMOTO,13.7786693,124.3911728,1.0,0.0,0.0
638,2022-01-21,GIGMOTO,13.7786693,124.3911728,3.0,0.0,0.0
639,2022-01-24,GIGMOTO,13.7786693,124.3911728,2.0,0.0,1.0
640,2022-01-26,GIGMOTO,13.7786693,124.3911728,2.0,0.0,0.0
641,2022-01-28,GIGMOTO,13.7786693,124.3911728,1.0,0.0,1.0
642,2022-01-30,GIGMOTO,13.7786693,124.3911728,1.0,0.0,1.0
643,2022-02-06,GIGMOTO,13.7786693,124.3911728,1.0,0.0,2.0
644,2022-02-07,GIGMOTO,13.7786693,124.3911728,1.0,0.0,0.0
645,2022-02-16,GIGMOTO,13.7786693,124.3911728,1.0,0.0,1.0
646,2022-02-18,GIGMOTO,13.7786693,124.3911728,1.0,0.0,0.0
647,2022-02-25,GIGMOTO,13.7786693,124.3911728,2.0,0.0,0.0
648,2022-07-25,GIGMOTO,13.7786693,124.3911728,1.0,0.0,0.0
649,2022-07-31,GIGMOTO,13.7786693,124.3911728,3.0,0.0,0.0
650,2022-08-04,GIGMOTO,13.7786693,124.3911728,1.0,0.0,1.0
651,2022-08-05,GIGMOTO,13.7786693,124.3911728,4.0,0.0,0.0
652,2022-08-10,GIGMOTO,13.7786693,124.3911728,1.0,0.0,3.0
653,2022-08-11,GIGMOTO,13.7786693,124.3911728,1.0,0.0,0.0
654,2022-08-12,GIGMOTO,13.7786693,124.3911728,2.0,0.0,0.0
655,2022-08-13,GIGMOTO,13.7786693,124.3911728,2.0,0.0,1.0
656,2022-08-14,GIGMOTO,13.7786693,124.3911728,2.0,0.0,2.0
657,2022-08-15,GIGMOTO,13.7786693,124.3911728,1.0,0.0,2.0
658,2022-08-17,GIGMOTO,13.7786693,124.3911728,2.0,0.0,0.0
659,2022-09-04,GIGMOTO,13.7786693,124.3911728,1.0,0.0,0.0
660,2022-09-18,GIGMOTO,13.7786693,124.3911728,1.0,0.0,0.0
661,2024-01-01,GIGMOTO,13.7786693,124.3911728,0.0,0.0,1.0
662,2023-05-16,GIGMOTO,13.7786693,124.3911728,0.0,0.0,1.0
663,2023-05-29,GIGMOTO,13.7786693,124.3911728,0.0,0.0,1.0
664,2023-05-30,GIGMOTO,13.7786693,124.3911728,0.0,0.0,6.0
665,2023-06-03,GIGMOTO,13.7786693,124.3911728,0.0,0.0,1.0
666,2023-06-13,GIGMOTO,13.7786693,124.3911728,0.0,0.0,1.0
667,2020-08-10,GIGMOTO,13.7786693,124.3911728,0.0,0.0,1.0
668,2020-08-16,GIGMOTO,13.7786693,124.3911728,0.0,0.0,1.0
669,2020-11-15,GIGMOTO,13.7786693,124.3911728,0.0,0.0,2.0
670,2021-01-03,GIGMOTO,13.7786693,124.3911728,0.0,0.0,1.0
671,2021-05-12,GIGMOTO,13.7786693,124.3911728,0.0,0.0,1.0
672,2021-05-31,GIGMOTO,13.7786693,124.3911728,0.0,0.0,1.0
673,2021-07-03,GIGMOTO,13.7786693,124.3911728,0.0,0.0,1.0
674,2021-07-04,GIGMOTO,13.7786693,124.3911728,0.0,0.0,1.0
675,2021-07-17,GIGMOTO,13.7786693,124.3911728,0.0,0.0,1.0
676,2021-07-27,GIGMOTO,13.7786693,124.3911728,0.0,0.0,1.0
677,2021-08-04,GIGMOTO,13.7786693,124.3911728,0.0,0.0,3.0
678,2021-08-14,GIGMOTO,13.7786693,124.3911728,0.0,0.0,3.0
679,2021-08-24,GIGMOTO,13.7786693,124.3911728,0.0,0.0,1.0
680,2021-08-25,GIGMOTO,13.7786693,124.3911728,0.0,0.0,1.0
681,2021-08-30,GIGMOTO,13.7786693,124.3911728,0.0,0.0,1.0
682,2021-08-31,GIGMOTO,13.7786693,124.3911728,0.0,0.0,1.0
683,2021-09-05,GIGMOTO,13.7786693,124.3911728,0.0,0.0,2.0
684,2021-09-13,GIGMOTO,13.7786693,124.3911728,0.0,0.0,1.0
685,2021-09-15,GIGMOTO,13.7786693,124.3911728,0.0,0.0,1.0
686,2021-09-20,GIGMOTO,13.7786693,124.3911728,0.0,0.0,1.0
687,2021-10-08,GIGMOTO,13.7786693,124.3911728,0.0,0.0,1.0
688,2021-10-18,GIGMOTO,13.7786693,124.3911728,0.0,0.0,1.0
689,2021-10-30,GIGMOTO,13.7786693,124.3911728,0.0,0.0,3.0
690,2021-11-02,GIGMOTO,13.7786693,124.3911728,0.0,0.0,1.0
691,2021-11-09,GIGMOTO,13.7786693,124.3911728,0.0,0.0,1.0
692,2021-11-16,GIGMOTO,13.7786693,124.3911728,0.0,0.0,4.0
693,2021-11-17,GIGMOTO,13.7786693,124.3911728,0.0,0.0,5.0
694,2021-11-23,GIGMOTO,13.7786693,124.3911728,0.0,0.0,3.0
695,2021-11-24,GIGMOTO,13.7786693,124.3911728,0.0,0.0,1.0
696,2021-11-27,GIGMOTO,13.7786693,124.3911728,0.0,0.0,4.0
697,2021-11-29,GIGMOTO,13.7786693,124.3911728,0.0,0.0,3.0
698,2021-12-01,GIGMOTO,13.7786693,124.3911728,0.0,0.0,1.0
699,2021-12-07,GIGMOTO,13.7786693,124.3911728,0.0,0.0,3.0
700,2021-12-18,GIGMOTO,13.7786693,124.3911728,0.0,0.0,2.0
701,2021-12-21,GIGMOTO,13.7786693,124.3911728,0.0,0.0,1.0
702,2022-01-22,GIGMOTO,13.7786693,124.3911728,0.0,0.0,1.0
703,2022-01-25,GIGMOTO,13.7786693,124.3911728,0.0,0.0,1.0
704,2022-01-29,GIGMOTO,13.7786693,124.3911728,0.0,0.0,1.0
705,2022-02-01,GIGMOTO,13.7786693,124.3911728,0.0,0.0,2.0
706,2022-02-04,GIGMOTO,13.7786693,124.3911728,0.0,0.0,1.0
707,2022-02-08,GIGMOTO,13.7786693,124.3911728,0.0,0.0,1.0
708,2022-02-14,GIGMOTO,13.7786693,124.3911728,0.0,0.0,1.0
709,2022-02-26,GIGMOTO,13.7786693,124.3911728,0.0,0.0,1.0
710,2022-02-28,GIGMOTO,13.7786693,124.3911728,0.0,0.0,1.0
711,2022-03-06,GIGMOTO,13.7786693,124.3911728,0.0,0.0,1.0
712,2022-03-07,GIGMOTO,13.7786693,124.3911728,0.0,0.0,1.0
713,2022-05-20,GIGMOTO,13.7786693,124.3911728,0.0,0.0,1.0
714,2022-08-20,GIGMOTO,13.7786693,124.3911728,0.0,0.0,2.0
715,2022-08-21,GIGMOTO,13.7786693,124.3911728,0.0,0.0,1.0
716,2022-08-22,GIGMOTO,13.7786693,124.3911728,0.0,0.0,3.0
717,2022-08-23,GIGMOTO,13.7786693,124.3911728,0.0,0.0,3.0
718,2022-08-27,GIGMOTO,13.7786693,124.3911728,0.0,0.0,2.0
719,2022-09-14,GIGMOTO,13.7786693,124.3911728,0.0,0.0,1.0
720,2022-09-28,GIGMOTO,13.7786693,124.3911728,0.0,0.0,1.0
721,2023-04-02,BARAS,13.6591045,124.3704682,1.0,0.0,0.0
722,2023-05-14,BARAS,13.6591045,124.3704682,1.0,0.0,0.0
723,2023-05-19,BARAS,13.6591045,124.3704682,1.0,0.0,0.0
724,2023-06-07,BARAS,13.6591045,124.3704682,1.0,0.0,0.0
725,2023-06-09,BARAS,13.6591045,124.3704682,1.0,0.0,0.0
726,2023-06-17,BARAS,13.6591045,124.3704682,2.0,0.0,0.0
727,2020-07-24,BARAS,13.6591045,124.3704682,1.0,0.0,0.0
728,2020-08-03,BARAS,13.6591045,124.3704682,1.0,0.0,0.0
729,2020-08-08,BARAS,13.6591045,124.3704682,1.0,0.0,0.0
730,2020-08-10,BARAS,13.6591045,124.3704682,1.0,0.0,0.0
731,2020-08-14,BARAS,13.6591045,124.3704682,1.0,0.0,0.0
732,2020-09-05,BARAS,13.6591045,124.3704682,4.0,0.0,0.0
733,2020-10-20,BARAS,13.6591045,124.3704682,1.0,0.0,0.0
734,2020-11-18,BARAS,13.6591045,124.3704682,1.0,0.0,0.0
735,2021-02-16,BARAS,13.6591045,124.3704682,1.0,0.0,0.0
736,2021-04-04,BARAS,13.6591045,124.3704682,1.0,0.0,0.0
737,2021-04-08,BARAS,13.6591045,124.3704682,1.0,0.0,0.0
738,2021-04-16,BARAS,13.6591045,124.3704682,1.0,0.0,0.0
739,2021-04-19,BARAS,13.6591045,124.3704682,1.0,0.0,1.0
740,2021-04-27,BARAS,13.6591045,124.3704682,1.0,0.0,0.0
741,2021-04-28,BARAS,13.6591045,124.3704682,1.0,0.0,0.0
742,2021-05-13,BARAS,13.6591045,124.3704682,2.0,0.0,0.0
743,2021-05-16,BARAS,13.6591045,124.3704682,1.0,0.0,0.0
744,2021-05-21,BARAS,13.6591045,124.3704682,1.0,0.0,0.0
745,2021-05-24,BARAS,13.6591045,124.3704682,6.0,0.0,2.0
746,2021-05-25,BARAS,13.6591045,124.3704682,3.0,0.0,0.0
747,2021-05-26,BARAS,13.6591045,124.3704682,3.0,0.0,0.0
748,2021-05-28,BARAS,13.6591045,124.3704682,1.0,1.0,0.0
749,2021-05-29,BARAS,13.6591045,124.3704682,1.0,0.0,0.0
750,2021-06-03,BARAS,13.6591045,124.3704682,2.0,0.0,0.0
751,2021-06-04,BARAS,13.6591045,124.3704682,3.0,0.0,0.0
752,2021-06-07,BARAS,13.6591045,124.3704682,2.0,0.0,1.0
753,2021-06-09,BARAS,13.6591045,124.3704682,2.0,0.0,0.0
754,2021-06-13,BARAS,13.6591045,124.3704682,1.0,0.0,0.0
755,2021-06-17,BARAS,13.6591045,124.3704682,1.0,0.0,0.0
756,2021-06-24,BARAS,13.6591045,124.3704682,1.0,0.0,0.0
757,2021-06-27,BARAS,13.6591045,124.3704682,1.0,0.0,0.0
758,2021-07-08,BARAS,13.6591045,124.3704682,1.0,0.0,0.0
759,2021-07-10,BARAS,13.6591045,124.3704682,1.0,0.0,0.0
760,2021-07-11,BARAS,13.6591045,124.3704682,1.0,0.0,0.0
761,2021-07-15,BARAS,13.6591045,124.3704682,1.0,0.0,0.0
762,2021-07-26,BARAS,13.6591045,124.3704682,1.0,0.0,0.0
763,2021-08-16,BARAS,13.6591045,124.3704682,2.0,0.0,0.0
764,2021-08-19,BARAS,13.6591045,124.3704682,2.0,0.0,0.0
765,2021-08-20,BARAS,13.6591045,124.3704682,1.0,0.0,0.0
766,2021-08-22,BARAS,13.6591045,124.3704682,1.0,0.0,0.0
767,2021-08-31,BARAS,13.6591045,124.3704682,1.0,0.0,1.0
768,2021-09-01,BARAS,13.6591045,124.3704682,2.0,0.0,0.0
769,2021-09-03,BARAS,13.6591045,124.3704682,2.0,0.0,0.0
770,2021-09-06,BARAS,13.6591045,124.3704682,2.0,0.0,0.0
771,2021-09-09,BARAS,13.6591045,124.3704682,1.0,0.0,1.0
772,2021-09-11,BARAS,13.6591045,124.3704682,1.0,0.0,0.0
773,2021-09-16,BARAS,13.6591045,124.3704682,1.0,0.0,0.0
774,2021-09-17,BARAS,13.6591045,124.3704682,1.0,0.0,0.0
775,2021-09-19,BARAS,13.6591045,124.3704682,3.0,0.0,1.0
776,2021-09-24,BARAS,13.6591045,124.3704682,3.0,0.0,0.0
777,2021-09-27,BARAS,13.6591045,124.3704682,1.0,0.0,0.0
778,2021-10-06,BARAS,13.6591045,124.3704682,1.0,0.0,0.0
779,2021-10-09,BARAS,13.6591045,124.3704682,1.0,0.0,1.0
780,2021-10-10,BARAS,13.6591045,124.3704682,4.0,0.0,0.0
781,2021-10-11,BARAS,13.6591045,124.3704682,1.0,0.0,0.0
782,2021-10-12,BARAS,13.6591045,124.3704682,1.0,0.0,0.0
783,2021-10-17,BARAS,13.6591045,124.3704682,1.0,0.0,0.0
784,2021-10-22,BARAS,13.6591045,124.3704682,1.0,0.0,0.0
785,2021-10-23,BARAS,13.6591045,124.3704682,1.0,0.0,0.0
786,2021-10-28,BARAS,13.6591045,124.3704682,4.0,0.0,0.0
787,2021-10-30,BARAS,13.6591045,124.3704682,2.0,0.0,0.0
788,2021-10-31,BARAS,13.6591045,124.3704682,1.0,0.0,1.0
789,2021-11-05,BARAS,13.6591045,124.3704682,4.0,0.0,0.0
790,2021-11-06,BARAS,13.6591045,124.3704682,3.0,0.0,4.0
791,2021-11-08,BARAS,13.6591045,124.3704682,1.0,0.0,2.0
792,2021-11-11,BARAS,13.6591045,124.3704682,1.0,0.0,0.0
793,2021-11-12,BARAS,13.6591045,124.3704682,2.0,0.0,0.0
794,2021-11-18,BARAS,13.6591045,124.3704682,2.0,0.0,0.0
795,2021-11-19,BARAS,13.6591045,124.3704682,1.0,0.0,0.0
796,2021-11-26,BARAS,13.6591045,124.3704682,1.0,0.0,0.0
797,2022-01-06,BARAS,13.6591045,124.3704682,1.0,0.0,1.0
798,2022-01-08,BARAS,13.6591045,124.3704682,2.0,0.0,0.0
799,2022-01-09,BARAS,13.6591045,124.3704682,1.0,0.0,0.0
800,2022-01-12,BARAS,13.6591045,124.3704682,2.0,0.0,0.0
801,2022-01-13,BARAS,13.6591045,124.3704682,3.0,0.0,0.0
802,2022-01-14,BARAS,13.6591045,124.3704682,1.0,0.0,0.0
803,2022-01-16,BARAS,13.6591045,124.3704682,1.0,0.0,0.0
804,2022-01-17,BARAS,13.6591045,124.3704682,1.0,0.0,0.0
805,2022-01-18,BARAS,13.6591045,124.3704682,1.0,0.0,3.0
806,2022-01-19,BARAS,13.6591045,124.3704682,2.0,0.0,0.0
807,2022-01-22,BARAS,13.6591045,124.3704682,1.0,0.0,3.0
808,2022-01-26,BARAS,13.6591045,124.3704682,1.0,0.0,2.0
809,2022-01-28,BARAS,13.6591045,124.3704682,1.0,0.0,0.0
810,2022-02-04,BARAS,13.6591045,124.3704682,1.0,0.0,0.0
811,2022-02-11,BARAS,13.6591045,124.3704682,1.0,0.0,0.0
812,2022-02-12,BARAS,13.6591045,124.3704682,1.0,0.0,1.0
813,2022-02-16,BARAS,13.6591045,124.3704682,1.0,0.0,0.0
814,2022-03-13,BARAS,13.6591045,124.3704682,1.0,0.0,0.0
815,2022-03-18,BARAS,13.6591045,124.3704682,1.0,0.0,0.0
816,2022-03-20,BARAS,13.6591045,124.3704682,1.0,0.0,0.0
817,2022-06-08,BARAS,13.6591045,124.3704682,1.0,0.0,0.0
818,2022-06-24,BARAS,13.6591045,124.3704682,1.0,0.0,0.0
819,2022-07-08,BARAS,13.6591045,124.3704682,1.0,0.0,0.0
820,2022-07-19,BARAS,13.6591045,124.3704682,1.0,0.0,0.0
821,2022-07-20,BARAS,13.6591045,124.3704682,2.0,0.0,0.0
822,2022-07-23,BARAS,13.6591045,124.3704682,1.0,0.0,0.0
823,2022-07-28,BARAS,13.6591045,124.3704682,1.0,0.0,0.0
824,2022-07-30,BARAS,13.6591045,124.3704682,2.0,0.0,2.0
825,2022-07-31,BARAS,13.6591045,124.3704682,1.0,0.0,1.0
826,2022-08-04,BARAS,13.6591045,124.3704682,7.0,0.0,0.0
827,2022-08-05,BARAS,13.6591045,124.3704682,1.0,0.0,0.0
828,2022-08-06,BARAS,13.6591045,124.3704682,1.0,0.0,0.0
829,2022-08-07,BARAS,13.6591045,124.3704682,1.0,0.0,1.0
830,2022-08-10,BARAS,13.6591045,124.3704682,2.0,0.0,1.0
831,2022-08-17,BARAS,13.6591045,124.3704682,2.0,0.0,1.0
832,2022-08-20,BARAS,13.6591045,124.3704682,1.0,0.0,2.0
833,2022-08-22,BARAS,13.6591045,124.3704682,1.0,0.0,0.0
834,2022-08-25,BARAS,13.6591045,124.3704682,1.0,0.0,0.0
835,2022-08-27,BARAS,13.6591045,124.3704682,1.0,0.0,2.0
836,2022-09-02,BARAS,13.6591045,124.3704682,1.0,0.0,0.0
837,2022-11-03,BARAS,13.6591045,124.3704682,0.0,1.0,0.0
838,2023-04-12,BARAS,13.6591045,124.3704682,0.0,0.0,1.0
839,2023-05-23,BARAS,13.6591045,124.3704682,0.0,0.0,1.0
840,2023-05-28,BARAS,13.6591045,124.3704682,0.0,0.0,1.0
841,2023-06-16,BARAS,13.6591045,124.3704682,0.0,0.0,1.0
842,2023-06-18,BARAS,13.6591045,124.3704682,0.0,0.0,1.0
843,2023-06-25,BARAS,13.6591045,124.3704682,0.0,0.0,2.0
844,2020-08-16,BARAS,13.6591045,124.3704682,0.0,0.0,2.0
845,2020-08-30,BARAS,13.6591045,124.3704682,0.0,0.0,3.0
846,2020-09-20,BARAS,13.6591045,124.3704682,0.0,0.0,1.0
847,2020-09-27,BARAS,13.6591045,124.3704682,0.0,0.0,3.0
848,2020-11-08,BARAS,13.6591045,124.3704682,0.0,0.0,1.0
849,2020-12-06,BARAS,13.6591045,124.3704682,0.0,0.0,1.0
850,2021-03-07,BARAS,13.6591045,124.3704682,0.0,0.0,1.0
851,2021-04-22,BARAS,13.6591045,124.3704682,0.0,0.0,1.0
852,2021-04-25,BARAS,13.6591045,124.3704682,0.0,0.0,1.0
853,2021-05-01,BARAS,13.6591045,124.3704682,0.0,0.0,1.0
854,2021-05-05,BARAS,13.6591045,124.3704682,0.0,0.0,1.0
855,2021-05-07,BARAS,13.6591045,124.3704682,0.0,0.0,1.0
856,2021-05-22,BARAS,13.6591045,124.3704682,0.0,0.0,2.0
857,2021-05-31,BARAS,13.6591045,124.3704682,0.0,0.0,3.0
858,2021-06-01,BARAS,13.6591045,124.3704682,0.0,0.0,6.0
859,2021-06-02,BARAS,13.6591045,124.3704682,0.0,0.0,2.0
860,2021-06-10,BARAS,13.6591045,124.3704682,0.0,0.0,1.0
861,2021-06-12,BARAS,13.6591045,124.3704682,0.0,0.0,4.0
862,2021-06-15,BARAS,13.6591045,124.3704682,0.0,0.0,1.0
863,2021-06-16,BARAS,13.6591045,124.3704682,0.0,0.0,2.0
864,2021-06-21,BARAS,13.6591045,124.3704682,0.0,0.0,1.0
865,2021-06-26,BARAS,13.6591045,124.3704682,0.0,0.0,1.0
866,2021-07-03,BARAS,13.6591045,124.3704682,0.0,0.0,1.0
867,2021-07-06,BARAS,13.6591045,124.3704682,0.0,0.0,1.0
868,2021-07-17,BARAS,13.6591045,124.3704682,0.0,0.0,1.0
869,2021-07-19,BARAS,13.6591045,124.3704682,0.0,0.0,1.0
870,2021-07-20,BARAS,13.6591045,124.3704682,0.0,0.0,1.0
871,2021-07-25,BARAS,13.6591045,124.3704682,0.0,0.0,1.0
872,2021-08-04,BARAS,13.6591045,124.3704682,0.0,0.0,1.0
873,2021-08-25,BARAS,13.6591045,124.3704682,0.0,0.0,2.0
874,2021-08-28,BARAS,13.6591045,124.3704682,0.0,0.0,2.0
875,2021-08-29,BARAS,13.6591045,124.3704682,0.0,0.0,1.0
876,2021-09-10,BARAS,13.6591045,124.3704682,0.0,0.0,2.0
877,2021-09-12,BARAS,13.6591045,124.3704682,0.0,0.0,2.0
878,2021-09-15,BARAS,13.6591045,124.3704682,0.0,0.0,2.0
879,2021-09-18,BARAS,13.6591045,124.3704682,0.0,0.0,1.0
880,2021-09-25,BARAS,13.6591045,124.3704682,0.0,0.0,1.0
881,2021-09-26,BARAS,13.6591045,124.3704682,0.0,0.0,1.0
882,2021-09-28,BARAS,13.6591045,124.3704682,0.0,0.0,3.0
883,2021-10-03,BARAS,13.6591045,124.3704682,0.0,0.0,4.0
884,2021-10-15,BARAS,13.6591045,124.3704682,0.0,0.0,1.0
885,2021-10-18,BARAS,13.6591045,124.3704682,0.0,0.0,4.0
886,2021-10-19,BARAS,13.6591045,124.3704682,0.0,0.0,1.0
887,2021-10-21,BARAS,13.6591045,124.3704682,0.0,0.0,1.0
888,2021-10-26,BARAS,13.6591045,124.3704682,0.0,0.0,1.0
889,2021-11-01,BARAS,13.6591045,124.3704682,0.0,0.0,1.0
890,2021-11-09,BARAS,13.6591045,124.3704682,0.0,0.0,1.0
891,2021-11-14,BARAS,13.6591045,124.3704682,0.0,0.0,4.0
892,2021-11-15,BARAS,13.6591045,124.3704682,0.0,0.0,3.0
893,2021-11-17,BARAS,13.6591045,124.3704682,0.0,0.0,1.0
894,2021-11-20,BARAS,13.6591045,124.3704682,0.0,0.0,1.0
895,2021-11-21,BARAS,13.6591045,124.3704682,0.0,0.0,2.0
896,2021-11-27,BARAS,13.6591045,124.3704682,0.0,0.0,2.0
897,2021-11-28,BARAS,13.6591045,124.3704682,0.0,0.0,1.0
898,2021-12-06,BARAS,13.6591045,124.3704682,0.0,0.0,1.0
899,2022-01-15,BARAS,13.6591045,124.3704682,0.0,0.0,1.0
900,2022-01-20,BARAS,13.6591045,124.3704682,0.0,0.0,2.0
901,2022-01-23,BARAS,13.6591045,124.3704682,0.0,0.0,1.0
902,2022-01-25,BARAS,13.6591045,124.3704682,0.0,0.0,1.0
903,2022-01-29,BARAS,13.6591045,124.3704682,0.0,0.0,1.0
904,2022-01-31,BARAS,13.6591045,124.3704682,0.0,0.0,1.0
905,2022-02-05,BARAS,13.6591045,124.3704682,0.0,0.0,1.0
906,2022-02-07,BARAS,13.6591045,124.3704682,0.0,0.0,1.0
907,2022-02-21,BARAS,13.6591045,124.3704682,0.0,0.0,1.0
908,2022-02-22,BARAS,13.6591045,124.3704682,0.0,0.0,1.0
909,2022-02-26,BARAS,13.6591045,124.3704682,0.0,0.0,1.0
910,2022-03-21,BARAS,13.6591045,124.3704682,0.0,0.0,1.0
911,2022-03-27,BARAS,13.6591045,124.3704682,0.0,0.0,1.0
912,2022-03-30,BARAS,13.6591045,124.3704682,0.0,0.0,1.0
913,2022-04-15,BARAS,13.6591045,124.3704682,0.0,0.0,1.0
914,2022-06-18,BARAS,13.6591045,124.3704682,0.0,0.0,1.0
915,2022-07-03,BARAS,13.6591045,124.3704682,0.0,0.0,1.0
916,2022-07-18,BARAS,13.6591045,124.3704682,0.0,0.0,1.0
917,2022-08-02,BARAS,13.6591045,124.3704682,0.0,0.0,1.0
918,2022-08-08,BARAS,13.6591045,124.3704682,0.0,0.0,1.0
919,2022-08-09,BARAS,13.6591045,124.3704682,0.0,0.0,1.0
920,2022-08-13,BARAS,13.6591045,124.3704682,0.0,0.0,4.0
921,2022-08-14,BARAS,13.6591045,124.3704682,0.0,0.0,4.0
922,2022-08-16,BARAS,13.6591045,124.3704682,0.0,0.0,1.0
923,2022-08-29,BARAS,13.6591045,124.3704682,0.0,0.0,1.0
924,2022-08-31,BARAS,13.6591045,124.3704682,0.0,0.0,1.0
925,2022-09-03,BARAS,13.6591045,124.3704682,0.0,0.0,1.0
926,2022-09-11,BARAS,13.6591045,124.3704682,0.0,0.0,1.0
927,2023-04-20,BARAS,13.6591045,124.3704682,0.0,0.0,1.0
928,2023-05-19,PANDAN,14.0492274,124.1702111,1.0,0.0,0.0
929,2023-05-24,PANDAN,14.0492274,124.1702111,1.0,0.0,0.0
930,2023-05-27,PANDAN,14.0492274,124.1702111,1.0,0.0,0.0
931,2023-06-03,PANDAN,14.0492274,124.1702111,5.0,0.0,0.0
932,2023-06-07,PANDAN,14.0492274,124.1702111,2.0,0.0,0.0
933,2023-12-01,PANDAN,14.0492274,124.1702111,1.0,0.0,0.0
934,2023-12-07,PANDAN,14.0492274,124.1702111,1.0,0.0,1.0
935,2023-12-14,PANDAN,14.0492274,124.1702111,1.0,0.0,0.0
936,2020-08-09,PANDAN,14.0492274,124.1702111,1.0,0.0,0.0
937,2020-08-22,PANDAN,14.0492274,124.1702111,1.0,0.0,0.0
938,2020-09-15,PANDAN,14.0492274,124.1702111,2.0,0.0,0.0
939,2020-09-22,PANDAN,14.0492274,124.1702111,1.0,0.0,0.0
940,2020-10-23,PANDAN,14.0492274,124.1702111,1.0,0.0,0.0
941,2021-01-31,PANDAN,14.0492274,124.1702111,1.0,0.0,0.0
942,2021-02-07,PANDAN,14.0492274,124.1702111,1.0,0.0,0.0
943,2021-02-27,PANDAN,14.0492274,124.1702111,1.0,0.0,0.0
944,2021-02-28,PANDAN,14.0492274,124.1702111,1.0,0.0,0.0
945,2021-03-03,PANDAN,14.0492274,124.1702111,1.0,0.0,0.0
946,2021-03-04,PANDAN,14.0492274,124.1702111,2.0,0.0,0.0
947,2021-03-08,PANDAN,14.0492274,124.1702111,1.0,0.0,0.0
948,2021-04-19,PANDAN,14.0492274,124.1702111,1.0,0.0,0.0
949,2021-05-06,PANDAN,14.0492274,124.1702111,1.0,0.0,0.0
950,2021-06-19,PANDAN,14.0492274,124.1702111,2.0,0.0,0.0
951,2021-06-26,PANDAN,14.0492274,124.1702111,1.0,0.0,0.0
952,2021-06-28,PANDAN,14.0492274,124.1702111,1.0,0.0,1.0
953,2021-07-01,PANDAN,14.0492274,124.1702111,1.0,0.0,0.0
954,2021-07-03,PANDAN,14.0492274,124.1702111,1.0,0.0,0.0
955,2021-07-08,PANDAN,14.0492274,124.1702111,1.0,0.0,0.0
956,2021-07-16,PANDAN,14.0492274,124.1702111,1.0,0.0,0.0
957,2021-07-22,PANDAN,14.0492274,124.1702111,1.0,0.0,0.0
958,2021-07-31,PANDAN,14.0492274,124.1702111,1.0,0.0,1.0
959,2021-08-01,PANDAN,14.0492274,124.1702111,2.0,0.0,0.0
960,2021-08-03,PANDAN,14.0492274,124.1702111,1.0,0.0,0.0
961,2021-08-06,PANDAN,14.0492274,124.1702111,5.0,0.0,0.0
962,2021-08-08,PANDAN,14.0492274,124.1702111,1.0,0.0,0.0
963,2021-08-09,PANDAN,14.0492274,124.1702111,6.0,0.0,1.0
964,2021-08-13,PANDAN,14.0492274,124.1702111,2.0,0.0,1.0
965,2021-08-15,PANDAN,14.0492274,124.1702111,1.0,0.0,5.0
966,2021-08-16,PANDAN,14.0492274,124.1702111,6.0,0.0,0.0
967,2021-08-19,PANDAN,14.0492274,124.1702111,7.0,0.0,0.0
968,2021-08-22,PANDAN,14.0492274,124.1702111,2.0,0.0,0.0
969,2021-08-28,PANDAN,14.0492274,124.1702111,2.0,0.0,7.0
970,2021-08-31,PANDAN,14.0492274,124.1702111,2.0,0.0,2.0
971,2021-09-02,PANDAN,14.0492274,124.1702111,1.0,0.0,0.0
972,2021-09-03,PANDAN,14.0492274,124.1702111,3.0,0.0,0.0
973,2021-09-06,PANDAN,14.0492274,124.1702111,1.0,0.0,2.0
974,2021-09-09,PANDAN,14.0492274,124.1702111,2.0,0.0,2.0
975,2021-09-13,PANDAN,14.0492274,124.1702111,1.0,0.0,0.0
976,2021-09-16,PANDAN,14.0492274,124.1702111,1.0,0.0,0.0
977,2021-09-17,PANDAN,14.0492274,124.1702111,1.0,0.0,0.0
978,2021-09-18,PANDAN,14.0492274,124.1702111,1.0,0.0,2.0
979,2021-09-26,PANDAN,14.0492274,124.1702111,1.0,0.0,1.0
980,2021-10-01,PANDAN,14.0492274,124.1702111,6.0,0.0,0.0
981,2021-10-02,PANDAN,14.0492274,124.1702111,3.0,0.0,0.0
982,2021-10-05,PANDAN,14.0492274,124.1702111,11.0,0.0,0.0
983,2021-10-06,PANDAN,14.0492274,124.1702111,3.0,0.0,0.0
984,2021-10-09,PANDAN,14.0492274,124.1702111,4.0,0.0,0.0
985,2021-10-11,PANDAN,14.0492274,124.1702111,2.0,0.0,0.0
986,2021-10-13,PANDAN,14.0492274,124.1702111,5.0,0.0,0.0
987,2021-10-15,PANDAN,14.0492274,124.1702111,3.0,0.0,0.0
988,2021-10-16,PANDAN,14.0492274,124.1702111,2.0,0.0,1.0
989,2021-10-17,PANDAN,14.0492274,124.1702111,1.0,0.0,3.0
990,2021-10-18,PANDAN,14.0492274,124.1702111,3.0,0.0,2.0
991,2021-10-20,PANDAN,14.0492274,124.1702111,6.0,0.0,0.0
992,2021-10-21,PANDAN,14.0492274,124.1702111,2.0,0.0,0.0
993,2021-10-22,PANDAN,14.0492274,124.1702111,3.0,0.0,4.0
994,2021-10-23,PANDAN,14.0492274,124.1702111,16.0,0.0,4.0
995,2021-10-25,PANDAN,14.0492274,124.1702111,1.0,0.0,2.0
996,2021-10-28,PANDAN,14.0492274,124.1702111,2.0,0.0,0.0
997,2021-10-30,PANDAN,14.0492274,124.1702111,3.0,1.0,1.0
998,2021-11-02,PANDAN,14.0492274,124.1702111,7.0,0.0,1.0
999,2021-11-03,PANDAN,14.0492274,124.1702111,1.0,0.0,0.0
1000,2021-11-05,PANDAN,14.0492274,124.1702111,2.0,0.0,2.0
1001,2021-11-06,PANDAN,14.0492274,124.1702111,1.0,0.0,0.0
1002,2021-11-07,PANDAN,14.0492274,124.1702111,2.0,0.0,3.0
1003,2021-11-08,PANDAN,14.0492274,124.1702111,1.0,0.0,0.0
1004,2021-11-11,PANDAN,14.0492274,124.1702111,5.0,0.0,0.0
1005,2021-11-13,PANDAN,14.0492274,124.1702111,1.0,0.0,1.0
1006,2021-11-14,PANDAN,14.0492274,124.1702111,1.0,0.0,3.0
1007,2021-11-15,PANDAN,14.0492274,124.1702111,3.0,0.0,0.0
1008,2021-11-18,PANDAN,14.0492274,124.1702111,3.0,0.0,1.0
1009,2021-11-19,PANDAN,14.0492274,124.1702111,1.0,0.0,3.0
1010,2021-11-20,PANDAN,14.0492274,124.1702111,1.0,0.0,1.0
1011,2021-11-21,PANDAN,14.0492274,124.1702111,1.0,0.0,1.0
1012,2021-11-22,PANDAN,14.0492274,124.1702111,2.0,0.0,2.0
1013,2021-11-26,PANDAN,14.0492274,124.1702111,3.0,0.0,0.0
1014,2021-12-05,PANDAN,14.0492274,124.1702111,1.0,0.0,3.0
1015,2021-12-08,PANDAN,14.0492274,124.1702111,1.0,0.0,0.0
1016,2022-01-08,PANDAN,14.0492274,124.1702111,1.0,1.0,0.0
1017,2022-01-13,PANDAN,14.0492274,124.1702111,3.0,0.0,0.0
1018,2022-01-15,PANDAN,14.0492274,124.1702111,2.0,0.0,0.0
1019,2022-01-19,PANDAN,14.0492274,124.1702111,1.0,0.0,0.0
1020,2022-01-20,PANDAN,14.0492274,124.1702111,1.0,0.0,0.0
1021,2022-01-21,PANDAN,14.0492274,124.1702111,5.0,0.0,1.0
1022,2022-01-23,PANDAN,14.0492274,124.1702111,1.0,0.0,2.0
1023,2022-01-25,PANDAN,14.0492274,124.1702111,2.0,0.0,0.0
1024,2022-01-26,PANDAN,14.0492274,124.1702111,1.0,0.0,1.0
1025,2022-01-28,PANDAN,14.0492274,124.1702111,1.0,0.0,3.0
1026,2022-02-09,PANDAN,14.0492274,124.1702111,1.0,0.0,0.0
1027,2022-02-13,PANDAN,14.0492274,124.1702111,1.0,0.0,0.0
1028,2022-02-25,PANDAN,14.0492274,124.1702111,1.0,0.0,0.0
1029,2022-08-13,PANDAN,14.0492274,124.1702111,1.0,0.0,0.0
1030,2022-08-17,PANDAN,14.0492274,124.1702111,1.0,0.0,0.0
1031,2022-08-19,PANDAN,14.0492274,124.1702111,2.0,0.0,0.0
1032,2022-08-20,PANDAN,14.0492274,124.1702111,2.0,0.0,0.0
1033,2022-08-21,PANDAN,14.0492274,124.1702111,3.0,0.0,0.0
1034,2022-08-26,PANDAN,14.0492274,124.1702111,1.0,0.0,1.0
1035,2022-09-02,PANDAN,14.0492274,124.1702111,3.0,0.0,1.0
1036,2021-04-07,PANDAN,14.0492274,124.1702111,0.0,1.0,0.0
1037,2022-09-01,PANDAN,14.0492274,124.1702111,0.0,1.0,0.0
1038,2023-05-28,PANDAN,14.0492274,124.1702111,0.0,0.0,1.0
1039,2023-06-01,PANDAN,14.0492274,124.1702111,0.0,0.0,1.0
1040,2023-06-02,PANDAN,14.0492274,124.1702111,0.0,0.0,1.0
1041,2023-06-09,PANDAN,14.0492274,124.1702111,0.0,0.0,5.0
1042,2023-06-14,PANDAN,14.0492274,124.1702111,0.0,0.0,1.0
1043,2023-06-15,PANDAN,14.0492274,124.1702111,0.0,0.0,1.0
1044,2023-12-15,PANDAN,14.0492274,124.1702111,0.0,0.0,1.0
1045,2023-12-23,PANDAN,14.0492274,124.1702111,0.0,0.0,1.0
1046,2020-08-23,PANDAN,14.0492274,124.1702111,0.0,0.0,1.0
1047,2020-09-13,PANDAN,14.0492274,124.1702111,0.0,0.0,1.0
1048,2020-10-04,PANDAN,14.0492274,124.1702111,0.0,0.0,2.0
1049,2020-10-11,PANDAN,14.0492274,124.1702111,0.0,0.0,1.0
1050,2020-11-08,PANDAN,14.0492274,124.1702111,0.0,0.0,1.0
1051,2021-02-14,PANDAN,14.0492274,124.1702111,0.0,0.0,1.0
1052,2021-02-21,PANDAN,14.0492274,124.1702111,0.0,0.0,1.0
1053,2021-03-21,PANDAN,14.0492274,124.1702111,0.0,0.0,3.0
1054,2021-03-28,PANDAN,14.0492274,124.1702111,0.0,0.0,1.0
1055,2021-04-28,PANDAN,14.0492274,124.1702111,0.0,0.0,1.0
1056,2021-05-15,PANDAN,14.0492274,124.1702111,0.0,0.0,1.0
1057,2021-06-29,PANDAN,14.0492274,124.1702111,0.0,0.0,1.0
1058,2021-07-05,PANDAN,14.0492274,124.1702111,0.0,0.0,1.0
1059,2021-07-07,PANDAN,14.0492274,124.1702111,0.0,0.0,1.0
1060,2021-07-10,PANDAN,14.0492274,124.1702111,0.0,0.0,1.0
1061,2021-07-12,PANDAN,14.0492274,124.1702111,0.0,0.0,1.0
1062,2021-07-17,PANDAN,14.0492274,124.1702111,0.0,0.0,1.0
1063,2021-07-25,PANDAN,14.0492274,124.1702111,0.0,0.0,1.0
1064,2021-08-10,PANDAN,14.0492274,124.1702111,0.0,0.0,2.0
1065,2021-08-17,PANDAN,14.0492274,124.1702111,0.0,0.0,1.0
1066,2021-08-18,PANDAN,14.0492274,124.1702111,0.0,0.0,6.0
1067,2021-08-21,PANDAN,14.0492274,124.1702111,0.0,0.0,2.0
1068,2021-08-24,PANDAN,14.0492274,124.1702111,0.0,0.0,1.0
1069,2021-08-25,PANDAN,14.0492274,124.1702111,0.0,0.0,6.0
1070,2021-09-10,PANDAN,14.0492274,124.1702111,0.0,0.0,1.0
1071,2021-09-12,PANDAN,14.0492274,124.1702111,0.0,0.0,3.0
1072,2021-09-15,PANDAN,14.0492274,124.1702111,0.0,0.0,1.0
1073,2021-09-22,PANDAN,14.0492274,124.1702111,0.0,0.0,1.0
1074,2021-09-27,PANDAN,14.0492274,124.1702111,0.0,0.0,1.0
1075,2021-09-28,PANDAN,14.0492274,124.1702111,0.0,0.0,1.0
1076,2021-10-03,PANDAN,14.0492274,124.1702111,0.0,0.0,1.0
1077,2021-10-10,PANDAN,14.0492274,124.1702111,0.0,0.0,7.0
1078,2021-10-12,PANDAN,14.0492274,124.1702111,0.0,0.0,11.0
1079,2021-10-14,PANDAN,14.0492274,124.1702111,0.0,0.0,3.0
1080,2021-10-19,PANDAN,14.0492274,124.1702111,0.0,0.0,1.0
1081,2021-10-24,PANDAN,14.0492274,124.1702111,0.0,0.0,1.0
1082,2021-10-26,PANDAN,14.0492274,124.1702111,0.0,0.0,2.0
1083,2021-10-29,PANDAN,14.0492274,124.1702111,0.0,0.0,8.0
1084,2021-10-31,PANDAN,14.0492274,124.1702111,0.0,0.0,17.0
1085,2021-11-04,PANDAN,14.0492274,124.1702111,0.0,0.0,1.0
1086,2021-11-10,PANDAN,14.0492274,124.1702111,0.0,0.0,9.0
1087,2021-11-16,PANDAN,14.0492274,124.1702111,0.0,0.0,1.0
1088,2021-11-17,PANDAN,14.0492274,124.1702111,0.0,0.0,1.0
1089,2021-11-23,PANDAN,14.0492274,124.1702111,0.0,0.0,3.0
1090,2021-11-25,PANDAN,14.0492274,124.1702111,0.0,0.0,1.0
1091,2021-11-27,PANDAN,14.0492274,124.1702111,0.0,0.0,2.0
1092,2021-11-28,PANDAN,14.0492274,124.1702111,0.0,0.0,1.0
1093,2021-11-30,PANDAN,14.0492274,124.1702111,0.0,0.0,3.0
1094,2021-12-15,PANDAN,14.0492274,124.1702111,0.0,0.0,1.0
1095,2021-12-18,PANDAN,14.0492274,124.1702111,0.0,0.0,1.0
1096,2022-01-17,PANDAN,14.0492274,124.1702111,0.0,0.0,1.0
1097,2022-01-22,PANDAN,14.0492274,124.1702111,0.0,0.0,2.0
1098,2022-01-29,PANDAN,14.0492274,124.1702111,0.0,0.0,2.0
1099,2022-02-01,PANDAN,14.0492274,124.1702111,0.0,0.0,1.0
1100,2022-02-02,PANDAN,14.0492274,124.1702111,0.0,0.0,1.0
1101,2022-02-04,PANDAN,14.0492274,124.1702111,0.0,0.0,1.0
1102,2022-02-05,PANDAN,14.0492274,124.1702111,0.0,0.0,1.0
1103,2022-02-06,PANDAN,14.0492274,124.1702111,0.0,0.0,1.0
1104,2022-02-18,PANDAN,14.0492274,124.1702111,0.0,0.0,1.0
1105,2022-02-22,PANDAN,14.0492274,124.1702111,0.0,0.0,1.0
1106,2022-03-06,PANDAN,14.0492274,124.1702111,0.0,0.0,1.0
1107,2022-08-23,PANDAN,14.0492274,124.1702111,0.0,0.0,1.0
1108,2022-08-27,PANDAN,14.0492274,124.1702111,0.0,0.0,1.0
1109,2022-08-28,PANDAN,14.0492274,124.1702111,0.0,0.0,1.0
1110,2022-08-29,PANDAN,14.0492274,124.1702111,0.0,0.0,2.0
1111,2022-08-31,PANDAN,14.0492274,124.1702111,0.0,0.0,3.0
1112,2022-09-11,PANDAN,14.0492274,124.1702111,0.0,0.0,3.0
1113,2023-04-26,BATO,13.6080363,124.2977872,1.0,0.0,0.0
1114,2023-05-12,BATO,13.6080363,124.2977872,1.0,0.0,0.0
1115,2023-05-14,BATO,13.6080363,124.2977872,2.0,0.0,0.0
1116,2023-05-15,BATO,13.6080363,124.2977872,1.0,0.0,0.0
1117,2023-05-19,BATO,13.6080363,124.2977872,2.0,0.0,0.0
1118,2023-05-21,BATO,13.6080363,124.2977872,1.0,0.0,1.0
1119,2023-05-24,BATO,13.6080363,124.2977872,3.0,0.0,0.0
1120,2023-05-26,BATO,13.6080363,124.2977872,1.0,0.0,0.0
1121,2023-05-27,BATO,13.6080363,124.2977872,1.0,0.0,0.0
1122,2023-05-28,BATO,13.6080363,124.2977872,1.0,0.0,2.0
1123,2023-05-31,BATO,13.6080363,124.2977872,2.0,0.0,0.0
1124,2023-07-05,BATO,13.6080363,124.2977872,1.0,0.0,0.0
1125,2020-08-14,BATO,13.6080363,124.2977872,1.0,0.0,0.0
1126,2020-08-15,BATO,13.6080363,124.2977872,1.0,0.0,0.0
1127,2020-08-21,BATO,13.6080363,124.2977872,1.0,0.0,0.0
1128,2020-08-30,BATO,13.6080363,124.2977872,2.0,0.0,1.0
1129,2020-09-12,BATO,13.6080363,124.2977872,1.0,0.0,0.0
1130,2020-10-19,BATO,13.6080363,124.2977872,1.0,0.0,0.0
1131,2020-10-28,BATO,13.6080363,124.2977872,1.0,0.0,0.0
1132,2020-12-14,BATO,13.6080363,124.2977872,1.0,0.0,0.0
1133,2020-12-22,BATO,13.6080363,124.2977872,1.0,0.0,0.0
1134,2020-12-25,BATO,13.6080363,124.2977872,1.0,0.0,0.0
1135,2021-01-01,BATO,13.6080363,124.2977872,1.0,0.0,0.0
1136,2021-01-14,BATO,13.6080363,124.2977872,3.0,0.0,0.0
1137,2021-01-22,BATO,13.6080363,124.2977872,1.0,0.0,0.0
1138,2021-01-28,BATO,13.6080363,124.2977872,1.0,0.0,0.0
1139,2021-02-02,BATO,13.6080363,124.2977872,1.0,0.0,0.0
1140,2021-02-07,BATO,13.6080363,124.2977872,1.0,0.0,1.0
1141,2021-03-06,BATO,13.6080363,124.2977872,1.0,0.0,0.0
1142,2021-03-10,BATO,13.6080363,124.2977872,1.0,0.0,0.0
1143,2021-03-13,BATO,13.6080363,124.2977872,1.0,0.0,0.0
1144,2021-03-23,BATO,13.6080363,124.2977872,1.0,0.0,0.0
1145,2021-03-25,BATO,13.6080363,124.2977872,1.0,0.0,0.0
1146,2021-04-11,BATO,13.6080363,124.2977872,1.0,0.0,1.0
1147,2021-04-19,BATO,13.6080363,124.2977872,1.0,0.0,0.0
1148,2021-05-07,BATO,13.6080363,124.2977872,1.0,0.0,0.0
1149,2021-05-11,BATO,13.6080363,124.2977872,2.0,0.0,0.0
1150,2021-05-13,BATO,13.6080363,124.2977872,2.0,0.0,0.0
1151,2021-05-17,BATO,13.6080363,124.2977872,1.0,0.0,0.0
1152,2021-05-18,BATO,13.6080363,124.2977872,1.0,0.0,0.0
1153,2021-05-24,BATO,13.6080363,124.2977872,1.0,0.0,0.0
1154,2021-05-25,BATO,13.6080363,124.2977872,2.0,0.0,0.0
1155,2021-05-26,BATO,13.6080363,124.2977872,1.0,0.0,2.0
1156,2021-05-29,BATO,13.6080363,124.2977872,2.0,0.0,0.0
1157,2021-05-31,BATO,13.6080363,124.2977872,2.0,0.0,1.0
1158,2021-06-02,BATO,13.6080363,124.2977872,1.0,0.0,2.0
1159,2021-06-03,BATO,13.6080363,124.2977872,2.0,0.0,0.0
1160,2021-06-04,BATO,13.6080363,124.2977872,1.0,0.0,0.0
1161,2021-06-07,BATO,13.6080363,124.2977872,1.0,0.0,2.0
1162,2021-06-09,BATO,13.6080363,124.2977872,1.0,0.0,2.0
1163,2021-06-15,BATO,13.6080363,124.2977872,1.0,0.0,1.0
1164,2021-06-17,BATO,13.6080363,124.2977872,1.0,0.0,0.0
1165,2021-06-21,BATO,13.6080363,124.2977872,4.0,0.0,0.0
1166,2021-06-26,BATO,13.6080363,124.2977872,1.0,0.0,1.0
1167,2021-07-01,BATO,13.6080363,124.2977872,1.0,0.0,0.0
1168,2021-07-05,BATO,13.6080363,124.2977872,2.0,0.0,1.0
1169,2021-07-08,BATO,13.6080363,124.2977872,1.0,0.0,0.0
1170,2021-07-09,BATO,13.6080363,124.2977872,1.0,0.0,0.0
1171,2021-07-11,BATO,13.6080363,124.2977872,1.0,0.0,0.0
1172,2021-07-12,BATO,13.6080363,124.2977872,1.0,0.0,0.0
1173,2021-07-22,BATO,13.6080363,124.2977872,1.0,0.0,0.0
1174,2021-07-26,BATO,13.6080363,124.2977872,2.0,0.0,0.0
1175,2021-07-30,BATO,13.6080363,124.2977872,1.0,0.0,0.0
1176,2021-07-31,BATO,13.6080363,124.2977872,1.0,0.0,1.0
1177,2021-08-05,BATO,13.6080363,124.2977872,2.0,0.0,0.0
1178,2021-08-07,BATO,13.6080363,124.2977872,1.0,0.0,0.0
1179,2021-08-09,BATO,13.6080363,124.2977872,4.0,0.0,1.0
1180,2021-08-12,BATO,13.6080363,124.2977872,1.0,0.0,0.0
1181,2021-08-14,BATO,13.6080363,124.2977872,8.0,0.0,2.0
1182,2021-08-16,BATO,13.6080363,124.2977872,1.0,0.0,1.0
1183,2021-08-26,BATO,13.6080363,124.2977872,1.0,0.0,0.0
1184,2021-08-28,BATO,13.6080363,124.2977872,5.0,0.0,0.0
1185,2021-08-29,BATO,13.6080363,124.2977872,1.0,0.0,0.0
1186,2021-08-30,BATO,13.6080363,124.2977872,1.0,0.0,0.0
1187,2021-09-03,BATO,13.6080363,124.2977872,5.0,0.0,0.0
1188,2021-09-04,BATO,13.6080363,124.2977872,2.0,0.0,1.0
1189,2021-09-05,BATO,13.6080363,124.2977872,3.0,0.0,0.0
1190,2021-09-07,BATO,13.6080363,124.2977872,1.0,0.0,0.0
1191,2021-09-09,BATO,13.6080363,124.2977872,6.0,0.0,0.0
1192,2021-09-12,BATO,13.6080363,124.2977872,6.0,0.0,5.0
1193,2021-09-13,BATO,13.6080363,124.2977872,1.0,0.0,0.0
1194,2021-09-17,BATO,13.6080363,124.2977872,5.0,0.0,0.0
1195,2021-09-20,BATO,13.6080363,124.2977872,2.0,0.0,1.0
1196,2021-09-23,BATO,13.6080363,124.2977872,1.0,0.0,0.0
1197,2021-09-24,BATO,13.6080363,124.2977872,4.0,0.0,0.0
1198,2021-09-25,BATO,13.6080363,124.2977872,1.0,0.0,2.0
1199,2021-09-27,BATO,13.6080363,124.2977872,1.0,0.0,0.0
1200,2021-09-30,BATO,13.6080363,124.2977872,2.0,0.0,0.0
1201,2021-10-01,BATO,13.6080363,124.2977872,5.0,0.0,5.0
1202,2021-10-06,BATO,13.6080363,124.2977872,1.0,0.0,0.0
1203,2021-10-08,BATO,13.6080363,124.2977872,1.0,0.0,0.0
1204,2021-10-09,BATO,13.6080363,124.2977872,1.0,0.0,6.0
1205,2021-10-11,BATO,13.6080363,124.2977872,5.0,0.0,0.0
1206,2021-10-12,BATO,13.6080363,124.2977872,1.0,0.0,0.0
1207,2021-10-15,BATO,13.6080363,124.2977872,9.0,0.0,2.0
1208,2021-10-16,BATO,13.6080363,124.2977872,1.0,0.0,0.0
1209,2021-10-17,BATO,13.6080363,124.2977872,4.0,0.0,0.0
1210,2021-10-18,BATO,13.6080363,124.2977872,1.0,0.0,6.0
1211,2021-10-19,BATO,13.6080363,124.2977872,1.0,0.0,0.0
1212,2021-10-20,BATO,13.6080363,124.2977872,1.0,0.0,0.0
1213,2021-10-22,BATO,13.6080363,124.2977872,6.0,0.0,0.0
1214,2021-10-23,BATO,13.6080363,124.2977872,2.0,0.0,7.0
1215,2021-10-24,BATO,13.6080363,124.2977872,6.0,0.0,2.0
1216,2021-10-25,BATO,13.6080363,124.2977872,1.0,0.0,4.0
1217,2021-10-26,BATO,13.6080363,124.2977872,1.0,0.0,2.0
1218,2021-10-28,BATO,13.6080363,124.2977872,4.0,0.0,1.0
1219,2021-10-30,BATO,13.6080363,124.2977872,13.0,0.0,1.0
1220,2021-11-01,BATO,13.6080363,124.2977872,5.0,0.0,7.0
1221,2021-11-02,BATO,13.6080363,124.2977872,1.0,0.0,1.0
1222,2021-11-05,BATO,13.6080363,124.2977872,1.0,0.0,0.0
1223,2021-11-06,BATO,13.6080363,124.2977872,1.0,0.0,16.0
1224,2021-11-07,BATO,13.6080363,124.2977872,13.0,0.0,0.0
1225,2021-11-08,BATO,13.6080363,124.2977872,1.0,0.0,1.0
1226,2021-11-11,BATO,13.6080363,124.2977872,1.0,0.0,0.0
1227,2021-11-12,BATO,13.6080363,124.2977872,7.0,0.0,0.0
1228,2021-11-15,BATO,13.6080363,124.2977872,1.0,0.0,7.0
1229,2021-11-18,BATO,13.6080363,124.2977872,1.0,0.0,0.0
1230,2021-11-19,BATO,13.6080363,124.2977872,2.0,0.0,0.0
1231,2021-11-20,BATO,13.6080363,124.2977872,1.0,0.0,8.0
1232,2021-11-21,BATO,13.6080363,124.2977872,1.0,0.0,0.0
1233,2021-11-25,BATO,13.6080363,124.2977872,1.0,0.0,0.0
1234,2021-12-12,BATO,13.6080363,124.2977872,1.0,0.0,0.0
1235,2022-01-07,BATO,13.6080363,124.2977872,1.0,0.0,0.0
1236,2022-01-12,BATO,13.6080363,124.2977872,2.0,0.0,0.0
1237,2022-01-13,BATO,13.6080363,124.2977872,3.0,0.0,0.0
1238,2022-01-16,BATO,13.6080363,124.2977872,1.0,0.0,1.0
1239,2022-01-17,BATO,13.6080363,124.2977872,8.0,0.0,0.0
1240,2022-01-18,BATO,13.6080363,124.2977872,1.0,0.0,0.0
1241,2022-01-19,BATO,13.6080363,124.2977872,3.0,0.0,0.0
1242,2022-01-21,BATO,13.6080363,124.2977872,1.0,0.0,0.0
1243,2022-01-22,BATO,13.6080363,124.2977872,1.0,0.0,5.0
1244,2022-01-23,BATO,13.6080363,124.2977872,2.0,0.0,0.0
1245,2022-01-24,BATO,13.6080363,124.2977872,1.0,0.0,0.0
1246,2022-01-26,BATO,13.6080363,124.2977872,5.0,0.0,8.0
1247,2022-01-27,BATO,13.6080363,124.2977872,2.0,0.0,0.0
1248,2022-01-28,BATO,13.6080363,124.2977872,1.0,0.0,0.0
1249,2022-01-29,BATO,13.6080363,124.2977872,1.0,0.0,3.0
1250,2022-01-30,BATO,13.6080363,124.2977872,2.0,0.0,1.0
1251,2022-01-31,BATO,13.6080363,124.2977872,1.0,0.0,2.0
1252,2022-02-01,BATO,13.6080363,124.2977872,2.0,0.0,2.0
1253,2022-02-02,BATO,13.6080363,124.2977872,1.0,0.0,0.0
1254,2022-02-03,BATO,13.6080363,124.2977872,1.0,0.0,0.0
1255,2022-02-09,BATO,13.6080363,124.2977872,1.0,0.0,2.0
1256,2022-02-10,BATO,13.6080363,124.2977872,1.0,0.0,1.0
1257,2022-03-02,BATO,13.6080363,124.2977872,1.0,0.0,0.0
1258,2022-03-07,BATO,13.6080363,124.2977872,1.0,0.0,0.0
1259,2022-04-10,BATO,13.6080363,124.2977872,1.0,0.0,0.0
1260,2022-04-24,BATO,13.6080363,124.2977872,1.0,0.0,0.0
1261,2022-07-02,BATO,13.6080363,124.2977872,1.0,0.0,0.0
1262,2022-07-10,BATO,13.6080363,124.2977872,1.0,0.0,0.0
1263,2022-07-13,BATO,13.6080363,124.2977872,1.0,0.0,0.0
1264,2022-07-14,BATO,13.6080363,124.2977872,1.0,0.0,0.0
1265,2022-07-20,BATO,13.6080363,124.2977872,2.0,0.0,1.0
1266,2022-07-21,BATO,13.6080363,124.2977872,1.0,0.0,0.0
1267,2022-07-23,BATO,13.6080363,124.2977872,3.0,0.0,1.0
1268,2022-07-25,BATO,13.6080363,124.2977872,1.0,0.0,0.0
1269,2022-07-27,BATO,13.6080363,124.2977872,4.0,0.0,0.0
1270,2022-07-28,BATO,13.6080363,124.2977872,1.0,0.0,0.0
1271,2022-07-31,BATO,13.6080363,124.2977872,1.0,0.0,1.0
1272,2022-08-03,BATO,13.6080363,124.2977872,2.0,0.0,1.0
1273,2022-08-04,BATO,13.6080363,124.2977872,2.0,0.0,0.0
1274,2022-08-05,BATO,13.6080363,124.2977872,2.0,0.0,0.0
1275,2022-08-06,BATO,13.6080363,124.2977872,1.0,0.0,5.0
1276,2022-08-10,BATO,13.6080363,124.2977872,2.0,0.0,1.0
1277,2022-08-12,BATO,13.6080363,124.2977872,2.0,0.0,0.0
1278,2022-08-17,BATO,13.6080363,124.2977872,1.0,0.0,0.0
1279,2022-09-23,BATO,13.6080363,124.2977872,1.0,0.0,0.0
1280,2022-08-16,BATO,13.6080363,124.2977872,0.0,1.0,1.0
1281,2022-08-22,BATO,13.6080363,124.2977872,0.0,1.0,1.0
1282,2023-05-05,BATO,13.6080363,124.2977872,0.0,0.0,1.0
1283,2023-05-22,BATO,13.6080363,124.2977872,0.0,0.0,1.0
1284,2023-05-23,BATO,13.6080363,124.2977872,0.0,0.0,2.0
1285,2023-05-30,BATO,13.6080363,124.2977872,0.0,0.0,1.0
1286,2023-06-01,BATO,13.6080363,124.2977872,0.0,0.0,3.0
1287,2023-06-03,BATO,13.6080363,124.2977872,0.0,0.0,2.0
1288,2023-06-06,BATO,13.6080363,124.2977872,0.0,0.0,1.0
1289,2023-06-09,BATO,13.6080363,124.2977872,0.0,0.0,2.0
1290,2023-07-14,BATO,13.6080363,124.2977872,0.0,0.0,1.0
1291,2020-09-06,BATO,13.6080363,124.2977872,0.0,0.0,1.0
1292,2020-09-13,BATO,13.6080363,124.2977872,0.0,0.0,1.0
1293,2020-09-20,BATO,13.6080363,124.2977872,0.0,0.0,2.0
1294,2020-09-27,BATO,13.6080363,124.2977872,0.0,0.0,1.0
1295,2020-11-01,BATO,13.6080363,124.2977872,0.0,0.0,1.0
1296,2020-11-15,BATO,13.6080363,124.2977872,0.0,0.0,1.0
1297,2021-01-03,BATO,13.6080363,124.2977872,0.0,0.0,1.0
1298,2021-01-10,BATO,13.6080363,124.2977872,0.0,0.0,3.0
1299,2021-01-24,BATO,13.6080363,124.2977872,0.0,0.0,3.0
1300,2021-02-14,BATO,13.6080363,124.2977872,0.0,0.0,1.0
1301,2021-02-21,BATO,13.6080363,124.2977872,0.0,0.0,2.0
1302,2021-03-28,BATO,13.6080363,124.2977872,0.0,0.0,2.0
1303,2021-04-18,BATO,13.6080363,124.2977872,0.0,0.0,1.0
1304,2021-04-25,BATO,13.6080363,124.2977872,0.0,0.0,1.0
1305,2021-04-28,BATO,13.6080363,124.2977872,0.0,0.0,1.0
1306,2021-05-15,BATO,13.6080363,124.2977872,0.0,0.0,1.0
1307,2021-05-19,BATO,13.6080363,124.2977872,0.0,0.0,2.0
1308,2021-05-22,BATO,13.6080363,124.2977872,0.0,0.0,2.0
1309,2021-06-01,BATO,13.6080363,124.2977872,0.0,0.0,1.0
1310,2021-06-12,BATO,13.6080363,124.2977872,0.0,0.0,4.0
1311,2021-06-16,BATO,13.6080363,124.2977872,0.0,0.0,1.0
1312,2021-06-23,BATO,13.6080363,124.2977872,0.0,0.0,1.0
1313,2021-06-30,BATO,13.6080363,124.2977872,0.0,0.0,4.0
1314,2021-07-10,BATO,13.6080363,124.2977872,0.0,0.0,1.0
1315,2021-07-14,BATO,13.6080363,124.2977872,0.0,0.0,2.0
1316,2021-07-17,BATO,13.6080363,124.2977872,0.0,0.0,1.0
1317,2021-07-18,BATO,13.6080363,124.2977872,0.0,0.0,1.0
1318,2021-07-21,BATO,13.6080363,124.2977872,0.0,0.0,2.0
1319,2021-08-04,BATO,13.6080363,124.2977872,0.0,0.0,2.0
1320,2021-08-08,BATO,13.6080363,124.2977872,0.0,0.0,1.0
1321,2021-08-18,BATO,13.6080363,124.2977872,0.0,0.0,4.0
1322,2021-08-21,BATO,13.6080363,124.2977872,0.0,0.0,1.0
1323,2021-08-23,BATO,13.6080363,124.2977872,0.0,0.0,8.0
1324,2021-08-24,BATO,13.6080363,124.2977872,0.0,0.0,1.0
1325,2021-09-06,BATO,13.6080363,124.2977872,0.0,0.0,5.0
1326,2021-09-08,BATO,13.6080363,124.2977872,0.0,0.0,1.0
1327,2021-09-14,BATO,13.6080363,124.2977872,0.0,0.0,5.0
1328,2021-09-15,BATO,13.6080363,124.2977872,0.0,0.0,1.0
1329,2021-09-18,BATO,13.6080363,124.2977872,0.0,0.0,6.0
1330,2021-09-21,BATO,13.6080363,124.2977872,0.0,0.0,5.0
1331,2021-09-22,BATO,13.6080363,124.2977872,0.0,0.0,1.0
1332,2021-09-26,BATO,13.6080363,124.2977872,0.0,0.0,3.0
1333,2021-09-28,BATO,13.6080363,124.2977872,0.0,0.0,2.0
1334,2021-10-03,BATO,13.6080363,124.2977872,0.0,0.0,1.0
1335,2021-10-05,BATO,13.6080363,124.2977872,0.0,0.0,1.0
1336,2021-10-10,BATO,13.6080363,124.2977872,0.0,0.0,1.0
1337,2021-10-21,BATO,13.6080363,124.2977872,0.0,0.0,1.0
1338,2021-10-27,BATO,13.6080363,124.2977872,0.0,0.0,1.0
1339,2021-10-31,BATO,13.6080363,124.2977872,0.0,0.0,6.0
1340,2021-11-03,BATO,13.6080363,124.2977872,0.0,0.0,1.0
1341,2021-11-09,BATO,13.6080363,124.2977872,0.0,0.0,4.0
1342,2021-11-10,BATO,13.6080363,124.2977872,0.0,0.0,1.0
1343,2021-11-14,BATO,13.6080363,124.2977872,0.0,0.0,7.0
1344,2021-11-16,BATO,13.6080363,124.2977872,0.0,0.0,1.0
1345,2021-11-17,BATO,13.6080363,124.2977872,0.0,0.0,1.0
1346,2021-11-23,BATO,13.6080363,124.2977872,0.0,0.0,1.0
1347,2021-11-27,BATO,13.6080363,124.2977872,0.0,0.0,3.0
1348,2021-11-29,BATO,13.6080363,124.2977872,0.0,0.0,1.0
1349,2021-11-30,BATO,13.6080363,124.2977872,0.0,0.0,1.0
1350,2021-12-04,BATO,13.6080363,124.2977872,0.0,0.0,1.0
1351,2021-12-21,BATO,13.6080363,124.2977872,0.0,0.0,1.0
1352,2022-01-25,BATO,13.6080363,124.2977872,0.0,0.0,1.0
1353,2022-02-05,BATO,13.6080363,124.2977872,0.0,0.0,7.0
1354,2022-02-06,BATO,13.6080363,124.2977872,0.0,0.0,1.0
1355,2022-02-08,BATO,13.6080363,124.2977872,0.0,0.0,2.0
1356,2022-02-12,BATO,13.6080363,124.2977872,0.0,0.0,2.0
1357,2022-02-15,BATO,13.6080363,124.2977872,0.0,0.0,1.0
1358,2022-02-20,BATO,13.6080363,124.2977872,0.0,0.0,1.0
1359,2022-03-12,BATO,13.6080363,124.2977872,0.0,0.0,1.0
1360,2022-03-16,BATO,13.6080363,124.2977872,0.0,0.0,1.0
1361,2022-04-12,BATO,13.6080363,124.2977872,0.0,0.0,1.0
1362,2022-04-20,BATO,13.6080363,124.2977872,0.0,0.0,1.0
1363,2022-05-03,BATO,13.6080363,124.2977872,0.0,0.0,1.0
1364,2022-05-04,BATO,13.6080363,124.2977872,0.0,0.0,1.0
1365,2022-05-17,BATO,13.6080363,124.2977872,0.0,0.0,1.0
1366,2022-07-12,BATO,13.6080363,124.2977872,0.0,0.0,1.0
1367,2022-07-24,BATO,13.6080363,124.2977872,0.0,0.0,1.0
1368,2022-07-30,BATO,13.6080363,124.2977872,0.0,0.0,2.0
1369,2022-08-02,BATO,13.6080363,124.2977872,0.0,0.0,3.0
1370,2022-08-13,BATO,13.6080363,124.2977872,0.0,0.0,3.0
1371,2022-08-14,BATO,13.6080363,124.2977872,0.0,0.0,2.0
1372,2022-08-15,BATO,13.6080363,124.2977872,0.0,0.0,1.0
1373,2022-08-20,BATO,13.6080363,124.2977872,0.0,0.0,2.0
1374,2022-08-21,BATO,13.6080363,124.2977872,0.0,0.0,1.0
1375,2022-08-27,BATO,13.6080363,124.2977872,0.0,0.0,1.0
1376,2022-10-02,BATO,13.6080363,124.2977872,0.0,0.0,1.0
1377,2023-05-17,VIGA,13.8715307,124.3087305,1.0,0.0,0.0
1378,2023-05-18,VIGA,13.8715307,124.3087305,1.0,0.0,0.0
1379,2023-05-31,VIGA,13.8715307,124.3087305,1.0,0.0,0.0
1380,2023-06-28,VIGA,13.8715307,124.3087305,1.0,0.0,0.0
1381,2023-12-30,VIGA,13.8715307,124.3087305,1.0,0.0,0.0
1382,2020-09-05,VIGA,13.8715307,124.3087305,1.0,0.0,0.0
1383,2020-09-22,VIGA,13.8715307,124.3087305,1.0,0.0,0.0
1384,2021-02-14,VIGA,13.8715307,124.3087305,1.0,0.0,0.0
1385,2021-02-20,VIGA,13.8715307,124.3087305,2.0,0.0,0.0
1386,2021-02-22,VIGA,13.8715307,124.3087305,1.0,0.0,0.0
1387,2021-02-27,VIGA,13.8715307,124.3087305,2.0,0.0,0.0
1388,2021-03-01,VIGA,13.8715307,124.3087305,1.0,0.0,0.0
1389,2021-03-04,VIGA,13.8715307,124.3087305,6.0,0.0,0.0
1390,2021-03-08,VIGA,13.8715307,124.3087305,2.0,0.0,0.0
1391,2021-03-27,VIGA,13.8715307,124.3087305,1.0,0.0,0.0
1392,2021-04-03,VIGA,13.8715307,124.3087305,1.0,0.0,0.0
1393,2021-04-09,VIGA,13.8715307,124.3087305,1.0,0.0,0.0
1394,2021-04-30,VIGA,13.8715307,124.3087305,1.0,0.0,0.0
1395,2021-05-01,VIGA,13.8715307,124.3087305,1.0,0.0,0.0
1396,2021-05-11,VIGA,13.8715307,124.3087305,1.0,0.0,1.0
1397,2021-05-17,VIGA,13.8715307,124.3087305,1.0,0.0,0.0
1398,2021-06-07,VIGA,13.8715307,124.3087305,2.0,0.0,0.0
1399,2021-06-12,VIGA,13.8715307,124.3087305,1.0,0.0,0.0
1400,2021-06-26,VIGA,13.8715307,124.3087305,1.0,0.0,0.0
1401,2021-06-28,VIGA,13.8715307,124.3087305,3.0,0.0,0.0
1402,2021-07-02,VIGA,13.8715307,124.3087305,3.0,0.0,0.0
1403,2021-07-04,VIGA,13.8715307,124.3087305,5.0,0.0,0.0
1404,2021-07-05,VIGA,13.8715307,124.3087305,2.0,0.0,1.0
1405,2021-07-08,VIGA,13.8715307,124.3087305,1.0,0.0,0.0
1406,2021-07-09,VIGA,13.8715307,124.3087305,4.0,0.0,0.0
1407,2021-07-10,VIGA,13.8715307,124.3087305,7.0,0.0,0.0
1408,2021-07-12,VIGA,13.8715307,124.3087305,5.0,0.0,0.0
1409,2021-07-16,VIGA,13.8715307,124.3087305,1.0,0.0,0.0
1410,2021-07-25,VIGA,13.8715307,124.3087305,1.0,0.0,1.0
1411,2021-07-29,VIGA,13.8715307,124.3087305,1.0,0.0,0.0
1412,2021-07-30,VIGA,13.8715307,124.3087305,1.0,0.0,0.0
1413,2021-07-31,VIGA,13.8715307,124.3087305,1.0,1.0,0.0
1414,2021-08-05,VIGA,13.8715307,124.3087305,1.0,0.0,0.0
1415,2021-08-12,VIGA,13.8715307,124.3087305,1.0,0.0,0.0
1416,2021-08-19,VIGA,13.8715307,124.3087305,1.0,0.0,0.0
1417,2021-08-21,VIGA,13.8715307,124.3087305,1.0,0.0,1.0
1418,2021-08-22,VIGA,13.8715307,124.3087305,3.0,0.0,0.0
1419,2021-08-23,VIGA,13.8715307,124.3087305,1.0,0.0,0.0
1420,2021-08-26,VIGA,13.8715307,124.3087305,1.0,0.0,0.0
1421,2021-08-30,VIGA,13.8715307,124.3087305,4.0,0.0,1.0
1422,2021-08-31,VIGA,13.8715307,124.3087305,2.0,0.0,3.0
1423,2021-09-01,VIGA,13.8715307,124.3087305,1.0,0.0,0.0
1424,2021-09-03,VIGA,13.8715307,124.3087305,1.0,0.0,1.0
1425,2021-09-09,VIGA,13.8715307,124.3087305,1.0,0.0,2.0
1426,2021-09-12,VIGA,13.8715307,124.3087305,1.0,0.0,1.0
1427,2021-09-13,VIGA,13.8715307,124.3087305,1.0,0.0,0.0
1428,2021-09-16,VIGA,13.8715307,124.3087305,3.0,0.0,0.0
1429,2021-09-18,VIGA,13.8715307,124.3087305,1.0,0.0,1.0
1430,2021-09-19,VIGA,13.8715307,124.3087305,3.0,0.0,0.0
1431,2021-09-20,VIGA,13.8715307,124.3087305,1.0,0.0,0.0
1432,2021-09-23,VIGA,13.8715307,124.3087305,9.0,0.0,0.0
1433,2021-09-24,VIGA,13.8715307,124.3087305,10.0,0.0,2.0
1434,2021-09-26,VIGA,13.8715307,124.3087305,6.0,0.0,0.0
1435,2021-09-30,VIGA,13.8715307,124.3087305,5.0,0.0,8.0
1436,2021-10-01,VIGA,13.8715307,124.3087305,5.0,0.0,10.0
1437,2021-10-02,VIGA,13.8715307,124.3087305,1.0,0.0,0.0
1438,2021-10-05,VIGA,13.8715307,124.3087305,2.0,0.0,0.0
1439,2021-10-08,VIGA,13.8715307,124.3087305,6.0,0.0,5.0
1440,2021-10-09,VIGA,13.8715307,124.3087305,5.0,0.0,3.0
1441,2021-10-10,VIGA,13.8715307,124.3087305,9.0,0.0,3.0
1442,2021-10-11,VIGA,13.8715307,124.3087305,1.0,0.0,0.0
1443,2021-10-13,VIGA,13.8715307,124.3087305,2.0,0.0,0.0
1444,2021-10-15,VIGA,13.8715307,124.3087305,2.0,0.0,5.0
1445,2021-10-16,VIGA,13.8715307,124.3087305,4.0,0.0,3.0
1446,2021-10-17,VIGA,13.8715307,124.3087305,2.0,0.0,5.0
1447,2021-10-18,VIGA,13.8715307,124.3087305,5.0,0.0,11.0
1448,2021-10-20,VIGA,13.8715307,124.3087305,1.0,0.0,0.0
1449,2021-10-22,VIGA,13.8715307,124.3087305,2.0,0.0,0.0
1450,2021-10-24,VIGA,13.8715307,124.3087305,1.0,0.0,0.0
1451,2021-10-25,VIGA,13.8715307,124.3087305,2.0,0.0,2.0
1452,2021-10-28,VIGA,13.8715307,124.3087305,2.0,0.0,0.0
1453,2021-11-01,VIGA,13.8715307,124.3087305,2.0,0.0,0.0
1454,2021-11-03,VIGA,13.8715307,124.3087305,2.0,0.0,0.0
1455,2021-11-04,VIGA,13.8715307,124.3087305,1.0,0.0,0.0
1456,2021-11-05,VIGA,13.8715307,124.3087305,1.0,0.0,2.0
1457,2021-11-08,VIGA,13.8715307,124.3087305,2.0,0.0,0.0
1458,2021-11-11,VIGA,13.8715307,124.3087305,2.0,0.0,0.0
1459,2021-11-12,VIGA,13.8715307,124.3087305,2.0,0.0,0.0
1460,2021-11-13,VIGA,13.8715307,124.3087305,1.0,0.0,0.0
1461,2021-11-14,VIGA,13.8715307,124.3087305,1.0,0.0,1.0
1462,2021-11-18,VIGA,13.8715307,124.3087305,3.0,0.0,0.0
1463,2021-11-28,VIGA,13.8715307,124.3087305,1.0,0.0,0.0
1464,2021-12-02,VIGA,13.8715307,124.3087305,1.0,0.0,0.0
1465,2022-01-05,VIGA,13.8715307,124.3087305,1.0,0.0,0.0
1466,2022-01-06,VIGA,13.8715307,124.3087305,2.0,0.0,0.0
1467,2022-01-07,VIGA,13.8715307,124.3087305,2.0,0.0,0.0
1468,2022-01-15,VIGA,13.8715307,124.3087305,6.0,0.0,2.0
1469,2022-01-16,VIGA,13.8715307,124.3087305,1.0,0.0,1.0
1470,2022-01-17,VIGA,13.8715307,124.3087305,3.0,0.0,0.0
1471,2022-01-18,VIGA,13.8715307,124.3087305,6.0,0.0,0.0
1472,2022-01-19,VIGA,13.8715307,124.3087305,2.0,0.0,1.0
1473,2022-01-20,VIGA,13.8715307,124.3087305,1.0,0.0,0.0
1474,2022-01-21,VIGA,13.8715307,124.3087305,1.0,0.0,0.0
1475,2022-01-22,VIGA,13.8715307,124.3087305,1.0,0.0,0.0
1476,2022-01-23,VIGA,13.8715307,124.3087305,2.0,0.0,6.0
1477,2022-01-24,VIGA,13.8715307,124.3087305,1.0,0.0,1.0
1478,2022-01-25,VIGA,13.8715307,124.3087305,1.0,0.0,9.0
1479,2022-01-27,VIGA,13.8715307,124.3087305,1.0,0.0,0.0
1480,2022-01-28,VIGA,13.8715307,124.3087305,3.0,0.0,0.0
1481,2022-01-29,VIGA,13.8715307,124.3087305,1.0,0.0,3.0
1482,2022-02-02,VIGA,13.8715307,124.3087305,3.0,0.0,0.0
1483,2022-02-04,VIGA,13.8715307,124.3087305,1.0,0.0,1.0
1484,2022-02-06,VIGA,13.8715307,124.3087305,1.0,0.0,2.0
1485,2022-02-25,VIGA,13.8715307,124.3087305,1.0,0.0,0.0
1486,2022-04-12,VIGA,13.8715307,124.3087305,1.0,0.0,0.0
1487,2022-04-14,VIGA,13.8715307,124.3087305,1.0,0.0,0.0
1488,2022-05-01,VIGA,13.8715307,124.3087305,1.0,0.0,0.0
1489,2022-06-01,VIGA,13.8715307,124.3087305,1.0,0.0,0.0
1490,2022-07-03,VIGA,13.8715307,124.3087305,1.0,0.0,0.0
1491,2022-07-09,VIGA,13.8715307,124.3087305,1.0,0.0,0.0
1492,2022-08-10,VIGA,13.8715307,124.3087305,1.0,0.0,0.0
1493,2022-08-20,VIGA,13.8715307,124.3087305,1.0,0.0,1.0
1494,2022-10-10,VIGA,13.8715307,124.3087305,1.0,0.0,0.0
1495,2022-09-01,VIGA,13.8715307,124.3087305,0.0,1.0,1.0
1496,2024-01-07,VIGA,13.8715307,124.3087305,0.0,0.0,1.0
1497,2023-05-26,VIGA,13.8715307,124.3087305,0.0,0.0,2.0
1498,2023-06-09,VIGA,13.8715307,124.3087305,0.0,0.0,1.0
1499,2023-07-07,VIGA,13.8715307,124.3087305,0.0,0.0,1.0
1500,2020-09-27,VIGA,13.8715307,124.3087305,0.0,0.0,1.0
1501,2020-10-11,VIGA,13.8715307,124.3087305,0.0,0.0,1.0
1502,2021-02-28,VIGA,13.8715307,124.3087305,0.0,0.0,1.0
1503,2021-03-07,VIGA,13.8715307,124.3087305,0.0,0.0,2.0
1504,2021-03-14,VIGA,13.8715307,124.3087305,0.0,0.0,3.0
1505,2021-03-21,VIGA,13.8715307,124.3087305,0.0,0.0,7.0
1506,2021-03-28,VIGA,13.8715307,124.3087305,0.0,0.0,2.0
1507,2021-04-11,VIGA,13.8715307,124.3087305,0.0,0.0,1.0
1508,2021-04-18,VIGA,13.8715307,124.3087305,0.0,0.0,1.0
1509,2021-04-23,VIGA,13.8715307,124.3087305,0.0,0.0,1.0
1510,2021-05-09,VIGA,13.8715307,124.3087305,0.0,0.0,1.0
1511,2021-05-20,VIGA,13.8715307,124.3087305,0.0,0.0,1.0
1512,2021-05-26,VIGA,13.8715307,124.3087305,0.0,0.0,1.0
1513,2021-06-13,VIGA,13.8715307,124.3087305,0.0,0.0,2.0
1514,2021-06-16,VIGA,13.8715307,124.3087305,0.0,0.0,1.0
1515,2021-07-07,VIGA,13.8715307,124.3087305,0.0,0.0,3.0
1516,2021-07-11,VIGA,13.8715307,124.3087305,0.0,0.0,3.0
1517,2021-07-13,VIGA,13.8715307,124.3087305,0.0,0.0,5.0
1518,2021-07-14,VIGA,13.8715307,124.3087305,0.0,0.0,2.0
1519,2021-07-17,VIGA,13.8715307,124.3087305,0.0,0.0,1.0
1520,2021-07-18,VIGA,13.8715307,124.3087305,0.0,0.0,4.0
1521,2021-07-19,VIGA,13.8715307,124.3087305,0.0,0.0,7.0
1522,2021-07-20,VIGA,13.8715307,124.3087305,0.0,0.0,1.0
1523,2021-07-21,VIGA,13.8715307,124.3087305,0.0,0.0,4.0
1524,2021-08-02,VIGA,13.8715307,124.3087305,0.0,0.0,1.0
1525,2021-08-08,VIGA,13.8715307,124.3087305,0.0,0.0,1.0
1526,2021-08-09,VIGA,13.8715307,124.3087305,0.0,0.0,1.0
1527,2021-08-14,VIGA,13.8715307,124.3087305,0.0,0.0,1.0
1528,2021-08-28,VIGA,13.8715307,124.3087305,0.0,0.0,1.0
1529,2021-09-02,VIGA,13.8715307,124.3087305,0.0,0.0,1.0
1530,2021-09-07,VIGA,13.8715307,124.3087305,0.0,0.0,4.0
1531,2021-09-08,VIGA,13.8715307,124.3087305,0.0,0.0,1.0
1532,2021-09-21,VIGA,13.8715307,124.3087305,0.0,0.0,1.0
1533,2021-09-22,VIGA,13.8715307,124.3087305,0.0,0.0,1.0
1534,2021-09-25,VIGA,13.8715307,124.3087305,0.0,0.0,1.0
1535,2021-09-27,VIGA,13.8715307,124.3087305,0.0,0.0,4.0
1536,2021-09-28,VIGA,13.8715307,124.3087305,0.0,0.0,1.0
1537,2021-10-03,VIGA,13.8715307,124.3087305,0.0,0.0,7.0
1538,2021-10-12,VIGA,13.8715307,124.3087305,0.0,0.0,2.0
1539,2021-10-23,VIGA,13.8715307,124.3087305,0.0,0.0,3.0
1540,2021-10-26,VIGA,13.8715307,124.3087305,0.0,0.0,6.0
1541,2021-10-29,VIGA,13.8715307,124.3087305,0.0,0.0,2.0
1542,2021-10-30,VIGA,13.8715307,124.3087305,0.0,0.0,1.0
1543,2021-10-31,VIGA,13.8715307,124.3087305,0.0,0.0,1.0
1544,2021-11-02,VIGA,13.8715307,124.3087305,0.0,0.0,2.0
1545,2021-11-09,VIGA,13.8715307,124.3087305,0.0,0.0,3.0
1546,2021-11-10,VIGA,13.8715307,124.3087305,0.0,0.0,2.0
1547,2021-11-16,VIGA,13.8715307,124.3087305,0.0,0.0,2.0
1548,2021-11-19,VIGA,13.8715307,124.3087305,0.0,0.0,2.0
1549,2021-11-20,VIGA,13.8715307,124.3087305,0.0,0.0,2.0
1550,2021-11-21,VIGA,13.8715307,124.3087305,0.0,0.0,1.0
1551,2021-11-22,VIGA,13.8715307,124.3087305,0.0,0.0,1.0
1552,2021-11-26,VIGA,13.8715307,124.3087305,0.0,0.0,3.0
1553,2021-12-07,VIGA,13.8715307,124.3087305,0.0,0.0,1.0
1554,2021-12-10,VIGA,13.8715307,124.3087305,0.0,0.0,1.0
1555,2022-01-14,VIGA,13.8715307,124.3087305,0.0,0.0,1.0
1556,2022-01-30,VIGA,13.8715307,124.3087305,0.0,0.0,1.0
1557,2022-01-31,VIGA,13.8715307,124.3087305,0.0,0.0,2.0
1558,2022-02-01,VIGA,13.8715307,124.3087305,0.0,0.0,2.0
1559,2022-02-03,VIGA,13.8715307,124.3087305,0.0,0.0,1.0
1560,2022-02-05,VIGA,13.8715307,124.3087305,0.0,0.0,1.0
1561,2022-02-07,VIGA,13.8715307,124.3087305,0.0,0.0,1.0
1562,2022-02-11,VIGA,13.8715307,124.3087305,0.0,0.0,2.0
1563,2022-02-12,VIGA,13.8715307,124.3087305,0.0,0.0,1.0
1564,2022-02-16,VIGA,13.8715307,124.3087305,0.0,0.0,1.0
1565,2022-04-21,VIGA,13.8715307,124.3087305,0.0,0.0,1.0
1566,2022-04-23,VIGA,13.8715307,124.3087305,0.0,0.0,1.0
1567,2022-05-02,VIGA,13.8715307,124.3087305,0.0,0.0,1.0
1568,2022-05-10,VIGA,13.8715307,124.3087305,0.0,0.0,1.0
1569,2022-05-16,VIGA,13.8715307,124.3087305,0.0,0.0,1.0
1570,2022-06-10,VIGA,13.8715307,124.3087305,0.0,0.0,1.0
1571,2022-07-13,VIGA,13.8715307,124.3087305,0.0,0.0,1.0
1572,2022-07-19,VIGA,13.8715307,124.3087305,0.0,0.0,1.0
1573,2022-10-16,VIGA,13.8715307,124.3087305,0.0,0.0,1.0
